[{"id":1,"bible_id":1525,"bible_code":"MWW2000","book_id":12,"book_code":"2KI","name":"2KI.1","code":"2KI.1"},{"id":2,"bible_id":1525,"bible_code":"MWW2000","book_id":12,"book_code":"2KI","name":"2KI.2","code":"2KI.2"},{"id":3,"bible_id":1525,"bible_code":"MWW2000","book_id":12,"book_code":"2KI","name":"2KI.3","code":"2KI.3"},{"id":4,"bible_id":1525,"bible_code":"MWW2000","book_id":12,"book_code":"2KI","name":"2KI.4","code":"2KI.4"},{"id":5,"bible_id":1525,"bible_code":"MWW2000","book_id":12,"book_code":"2KI","name":"2KI.5","code":"2KI.5"},{"id":6,"bible_id":1525,"bible_code":"MWW2000","book_id":12,"book_code":"2KI","name":"2KI.6","code":"2KI.6"},{"id":7,"bible_id":1525,"bible_code":"MWW2000","book_id":12,"book_code":"2KI","name":"2KI.7","code":"2KI.7"},{"id":8,"bible_id":1525,"bible_code":"MWW2000","book_id":12,"book_code":"2KI","name":"2KI.8","code":"2KI.8"},{"id":9,"bible_id":1525,"bible_code":"MWW2000","book_id":12,"book_code":"2KI","name":"2KI.9","code":"2KI.9"},{"id":10,"bible_id":1525,"bible_code":"MWW2000","book_id":12,"book_code":"2KI","name":"2KI.10","code":"2KI.10"},{"id":11,"bible_id":1525,"bible_code":"MWW2000","book_id":12,"book_code":"2KI","name":"2KI.11","code":"2KI.11"},{"id":12,"bible_id":1525,"bible_code":"MWW2000","book_id":12,"book_code":"2KI","name":"2KI.12","code":"2KI.12"},{"id":13,"bible_id":1525,"bible_code":"MWW2000","book_id":12,"book_code":"2KI","name":"2KI.13","code":"2KI.13"},{"id":14,"bible_id":1525,"bible_code":"MWW2000","book_id":12,"book_code":"2KI","name":"2KI.14","code":"2KI.14"},{"id":15,"bible_id":1525,"bible_code":"MWW2000","book_id":12,"book_code":"2KI","name":"2KI.15","code":"2KI.15"},{"id":16,"bible_id":1525,"bible_code":"MWW2000","book_id":12,"book_code":"2KI","name":"2KI.16","code":"2KI.16"},{"id":17,"bible_id":1525,"bible_code":"MWW2000","book_id":12,"book_code":"2KI","name":"2KI.17","code":"2KI.17"},{"id":18,"bible_id":1525,"bible_code":"MWW2000","book_id":12,"book_code":"2KI","name":"2KI.18","code":"2KI.18"},{"id":19,"bible_id":1525,"bible_code":"MWW2000","book_id":12,"book_code":"2KI","name":"2KI.19","code":"2KI.19"},{"id":20,"bible_id":1525,"bible_code":"MWW2000","book_id":12,"book_code":"2KI","name":"2KI.20","code":"2KI.20"},{"id":21,"bible_id":1525,"bible_code":"MWW2000","book_id":12,"book_code":"2KI","name":"2KI.21","code":"2KI.21"},{"id":22,"bible_id":1525,"bible_code":"MWW2000","book_id":12,"book_code":"2KI","name":"2KI.22","code":"2KI.22"},{"id":23,"bible_id":1525,"bible_code":"MWW2000","book_id":12,"book_code":"2KI","name":"2KI.23","code":"2KI.23"},{"id":24,"bible_id":1525,"bible_code":"MWW2000","book_id":12,"book_code":"2KI","name":"2KI.24","code":"2KI.24"},{"id":25,"bible_id":1525,"bible_code":"MWW2000","book_id":12,"book_code":"2KI","name":"2KI.25","code":"2KI.25"}]