[{"id":1,"bible_id":1525,"bible_code":"MWW2000","book_id":20,"book_code":"PRO","name":"PRO.1","code":"PRO.1"},{"id":2,"bible_id":1525,"bible_code":"MWW2000","book_id":20,"book_code":"PRO","name":"PRO.2","code":"PRO.2"},{"id":3,"bible_id":1525,"bible_code":"MWW2000","book_id":20,"book_code":"PRO","name":"PRO.3","code":"PRO.3"},{"id":4,"bible_id":1525,"bible_code":"MWW2000","book_id":20,"book_code":"PRO","name":"PRO.4","code":"PRO.4"},{"id":5,"bible_id":1525,"bible_code":"MWW2000","book_id":20,"book_code":"PRO","name":"PRO.5","code":"PRO.5"},{"id":6,"bible_id":1525,"bible_code":"MWW2000","book_id":20,"book_code":"PRO","name":"PRO.6","code":"PRO.6"},{"id":7,"bible_id":1525,"bible_code":"MWW2000","book_id":20,"book_code":"PRO","name":"PRO.7","code":"PRO.7"},{"id":8,"bible_id":1525,"bible_code":"MWW2000","book_id":20,"book_code":"PRO","name":"PRO.8","code":"PRO.8"},{"id":9,"bible_id":1525,"bible_code":"MWW2000","book_id":20,"book_code":"PRO","name":"PRO.9","code":"PRO.9"},{"id":10,"bible_id":1525,"bible_code":"MWW2000","book_id":20,"book_code":"PRO","name":"PRO.10","code":"PRO.10"},{"id":11,"bible_id":1525,"bible_code":"MWW2000","book_id":20,"book_code":"PRO","name":"PRO.11","code":"PRO.11"},{"id":12,"bible_id":1525,"bible_code":"MWW2000","book_id":20,"book_code":"PRO","name":"PRO.12","code":"PRO.12"},{"id":13,"bible_id":1525,"bible_code":"MWW2000","book_id":20,"book_code":"PRO","name":"PRO.13","code":"PRO.13"},{"id":14,"bible_id":1525,"bible_code":"MWW2000","book_id":20,"book_code":"PRO","name":"PRO.14","code":"PRO.14"},{"id":15,"bible_id":1525,"bible_code":"MWW2000","book_id":20,"book_code":"PRO","name":"PRO.15","code":"PRO.15"},{"id":16,"bible_id":1525,"bible_code":"MWW2000","book_id":20,"book_code":"PRO","name":"PRO.16","code":"PRO.16"},{"id":17,"bible_id":1525,"bible_code":"MWW2000","book_id":20,"book_code":"PRO","name":"PRO.17","code":"PRO.17"},{"id":18,"bible_id":1525,"bible_code":"MWW2000","book_id":20,"book_code":"PRO","name":"PRO.18","code":"PRO.18"},{"id":19,"bible_id":1525,"bible_code":"MWW2000","book_id":20,"book_code":"PRO","name":"PRO.19","code":"PRO.19"},{"id":20,"bible_id":1525,"bible_code":"MWW2000","book_id":20,"book_code":"PRO","name":"PRO.20","code":"PRO.20"},{"id":21,"bible_id":1525,"bible_code":"MWW2000","book_id":20,"book_code":"PRO","name":"PRO.21","code":"PRO.21"},{"id":22,"bible_id":1525,"bible_code":"MWW2000","book_id":20,"book_code":"PRO","name":"PRO.22","code":"PRO.22"},{"id":23,"bible_id":1525,"bible_code":"MWW2000","book_id":20,"book_code":"PRO","name":"PRO.23","code":"PRO.23"},{"id":24,"bible_id":1525,"bible_code":"MWW2000","book_id":20,"book_code":"PRO","name":"PRO.24","code":"PRO.24"},{"id":25,"bible_id":1525,"bible_code":"MWW2000","book_id":20,"book_code":"PRO","name":"PRO.25","code":"PRO.25"},{"id":26,"bible_id":1525,"bible_code":"MWW2000","book_id":20,"book_code":"PRO","name":"PRO.26","code":"PRO.26"},{"id":27,"bible_id":1525,"bible_code":"MWW2000","book_id":20,"book_code":"PRO","name":"PRO.27","code":"PRO.27"},{"id":28,"bible_id":1525,"bible_code":"MWW2000","book_id":20,"book_code":"PRO","name":"PRO.28","code":"PRO.28"},{"id":29,"bible_id":1525,"bible_code":"MWW2000","book_id":20,"book_code":"PRO","name":"PRO.29","code":"PRO.29"},{"id":30,"bible_id":1525,"bible_code":"MWW2000","book_id":20,"book_code":"PRO","name":"PRO.30","code":"PRO.30"},{"id":31,"bible_id":1525,"bible_code":"MWW2000","book_id":20,"book_code":"PRO","name":"PRO.31","code":"PRO.31"}]