[{"id":1,"bible_id":1525,"bible_code":"MWW2000","book_id":27,"book_code":"DAN","name":"DAN.1","code":"DAN.1"},{"id":2,"bible_id":1525,"bible_code":"MWW2000","book_id":27,"book_code":"DAN","name":"DAN.2","code":"DAN.2"},{"id":3,"bible_id":1525,"bible_code":"MWW2000","book_id":27,"book_code":"DAN","name":"DAN.3","code":"DAN.3"},{"id":4,"bible_id":1525,"bible_code":"MWW2000","book_id":27,"book_code":"DAN","name":"DAN.4","code":"DAN.4"},{"id":5,"bible_id":1525,"bible_code":"MWW2000","book_id":27,"book_code":"DAN","name":"DAN.5","code":"DAN.5"},{"id":6,"bible_id":1525,"bible_code":"MWW2000","book_id":27,"book_code":"DAN","name":"DAN.6","code":"DAN.6"},{"id":7,"bible_id":1525,"bible_code":"MWW2000","book_id":27,"book_code":"DAN","name":"DAN.7","code":"DAN.7"},{"id":8,"bible_id":1525,"bible_code":"MWW2000","book_id":27,"book_code":"DAN","name":"DAN.8","code":"DAN.8"},{"id":9,"bible_id":1525,"bible_code":"MWW2000","book_id":27,"book_code":"DAN","name":"DAN.9","code":"DAN.9"},{"id":10,"bible_id":1525,"bible_code":"MWW2000","book_id":27,"book_code":"DAN","name":"DAN.10","code":"DAN.10"},{"id":11,"bible_id":1525,"bible_code":"MWW2000","book_id":27,"book_code":"DAN","name":"DAN.11","code":"DAN.11"},{"id":12,"bible_id":1525,"bible_code":"MWW2000","book_id":27,"book_code":"DAN","name":"DAN.12","code":"DAN.12"}]