[{"id":1,"bible_id":1525,"bible_code":"MWW2000","book_id":43,"book_code":"JHN","name":"JHN.1","code":"JHN.1"},{"id":2,"bible_id":1525,"bible_code":"MWW2000","book_id":43,"book_code":"JHN","name":"JHN.2","code":"JHN.2"},{"id":3,"bible_id":1525,"bible_code":"MWW2000","book_id":43,"book_code":"JHN","name":"JHN.3","code":"JHN.3"},{"id":4,"bible_id":1525,"bible_code":"MWW2000","book_id":43,"book_code":"JHN","name":"JHN.4","code":"JHN.4"},{"id":5,"bible_id":1525,"bible_code":"MWW2000","book_id":43,"book_code":"JHN","name":"JHN.5","code":"JHN.5"},{"id":6,"bible_id":1525,"bible_code":"MWW2000","book_id":43,"book_code":"JHN","name":"JHN.6","code":"JHN.6"},{"id":7,"bible_id":1525,"bible_code":"MWW2000","book_id":43,"book_code":"JHN","name":"JHN.7","code":"JHN.7"},{"id":8,"bible_id":1525,"bible_code":"MWW2000","book_id":43,"book_code":"JHN","name":"JHN.8","code":"JHN.8"},{"id":9,"bible_id":1525,"bible_code":"MWW2000","book_id":43,"book_code":"JHN","name":"JHN.9","code":"JHN.9"},{"id":10,"bible_id":1525,"bible_code":"MWW2000","book_id":43,"book_code":"JHN","name":"JHN.10","code":"JHN.10"},{"id":11,"bible_id":1525,"bible_code":"MWW2000","book_id":43,"book_code":"JHN","name":"JHN.11","code":"JHN.11"},{"id":12,"bible_id":1525,"bible_code":"MWW2000","book_id":43,"book_code":"JHN","name":"JHN.12","code":"JHN.12"},{"id":13,"bible_id":1525,"bible_code":"MWW2000","book_id":43,"book_code":"JHN","name":"JHN.13","code":"JHN.13"},{"id":14,"bible_id":1525,"bible_code":"MWW2000","book_id":43,"book_code":"JHN","name":"JHN.14","code":"JHN.14"},{"id":15,"bible_id":1525,"bible_code":"MWW2000","book_id":43,"book_code":"JHN","name":"JHN.15","code":"JHN.15"},{"id":16,"bible_id":1525,"bible_code":"MWW2000","book_id":43,"book_code":"JHN","name":"JHN.16","code":"JHN.16"},{"id":17,"bible_id":1525,"bible_code":"MWW2000","book_id":43,"book_code":"JHN","name":"JHN.17","code":"JHN.17"},{"id":18,"bible_id":1525,"bible_code":"MWW2000","book_id":43,"book_code":"JHN","name":"JHN.18","code":"JHN.18"},{"id":19,"bible_id":1525,"bible_code":"MWW2000","book_id":43,"book_code":"JHN","name":"JHN.19","code":"JHN.19"},{"id":20,"bible_id":1525,"bible_code":"MWW2000","book_id":43,"book_code":"JHN","name":"JHN.20","code":"JHN.20"},{"id":21,"bible_id":1525,"bible_code":"MWW2000","book_id":43,"book_code":"JHN","name":"JHN.21","code":"JHN.21"}]