{
    "id": 1525,
    "language_code": "mww",
    "code": "MWW2000",
    "name": "Vajtswv Txojlus 2000",
    "name_en": "The White Hmong Bible 2000",
    "publisher": {
        "id": 269,
        "name": "Bible Society Vietnam",
        "local_name": "Th\u00e1nh Kinh H\u1ed9i Vi\u1ec7t Nam",
        "url": "http:\/\/www.biblevietnam.org",
        "description": null
    },
    "copyright_long": {
        "html": "<p>\u00a9 2000 United Bible Societies. All rights reserved.<\/p>",
        "text": "\u00a9 2000 United Bible Societies. All rights reserved."
    },
    "copyright_short": {
        "html": "<p>\u00a9 2000 United Bible Societies. All rights reserved.<\/p>",
        "text": "\u00a9 2000 United Bible Societies. All rights reserved."
    },
    "language": {
        "iso_639_1": null,
        "iso_639_3": "mww",
        "name": "Hmong Daw",
        "local_name": "Hmong",
        "text_direction": "ltr",
        "language_tag": "mww",
        "secondary_language_tags": null
    },
    "audio": true,
    "audio_count": 1
}