[{"id":1,"bible_id":1726,"bible_code":"HNJ2000","book_id":17,"book_code":"EST","name":"EST.1","code":"EST.1"},{"id":2,"bible_id":1726,"bible_code":"HNJ2000","book_id":17,"book_code":"EST","name":"EST.2","code":"EST.2"},{"id":3,"bible_id":1726,"bible_code":"HNJ2000","book_id":17,"book_code":"EST","name":"EST.3","code":"EST.3"},{"id":4,"bible_id":1726,"bible_code":"HNJ2000","book_id":17,"book_code":"EST","name":"EST.4","code":"EST.4"},{"id":5,"bible_id":1726,"bible_code":"HNJ2000","book_id":17,"book_code":"EST","name":"EST.5","code":"EST.5"},{"id":6,"bible_id":1726,"bible_code":"HNJ2000","book_id":17,"book_code":"EST","name":"EST.6","code":"EST.6"},{"id":7,"bible_id":1726,"bible_code":"HNJ2000","book_id":17,"book_code":"EST","name":"EST.7","code":"EST.7"},{"id":8,"bible_id":1726,"bible_code":"HNJ2000","book_id":17,"book_code":"EST","name":"EST.8","code":"EST.8"},{"id":9,"bible_id":1726,"bible_code":"HNJ2000","book_id":17,"book_code":"EST","name":"EST.9","code":"EST.9"},{"id":10,"bible_id":1726,"bible_code":"HNJ2000","book_id":17,"book_code":"EST","name":"EST.10","code":"EST.10"}]