[{"id":1,"bible_id":1726,"bible_code":"HNJ2000","book_id":24,"book_code":"JER","name":"JER.1","code":"JER.1"},{"id":2,"bible_id":1726,"bible_code":"HNJ2000","book_id":24,"book_code":"JER","name":"JER.2","code":"JER.2"},{"id":3,"bible_id":1726,"bible_code":"HNJ2000","book_id":24,"book_code":"JER","name":"JER.3","code":"JER.3"},{"id":4,"bible_id":1726,"bible_code":"HNJ2000","book_id":24,"book_code":"JER","name":"JER.4","code":"JER.4"},{"id":5,"bible_id":1726,"bible_code":"HNJ2000","book_id":24,"book_code":"JER","name":"JER.5","code":"JER.5"},{"id":6,"bible_id":1726,"bible_code":"HNJ2000","book_id":24,"book_code":"JER","name":"JER.6","code":"JER.6"},{"id":7,"bible_id":1726,"bible_code":"HNJ2000","book_id":24,"book_code":"JER","name":"JER.7","code":"JER.7"},{"id":8,"bible_id":1726,"bible_code":"HNJ2000","book_id":24,"book_code":"JER","name":"JER.8","code":"JER.8"},{"id":9,"bible_id":1726,"bible_code":"HNJ2000","book_id":24,"book_code":"JER","name":"JER.9","code":"JER.9"},{"id":10,"bible_id":1726,"bible_code":"HNJ2000","book_id":24,"book_code":"JER","name":"JER.10","code":"JER.10"},{"id":11,"bible_id":1726,"bible_code":"HNJ2000","book_id":24,"book_code":"JER","name":"JER.11","code":"JER.11"},{"id":12,"bible_id":1726,"bible_code":"HNJ2000","book_id":24,"book_code":"JER","name":"JER.12","code":"JER.12"},{"id":13,"bible_id":1726,"bible_code":"HNJ2000","book_id":24,"book_code":"JER","name":"JER.13","code":"JER.13"},{"id":14,"bible_id":1726,"bible_code":"HNJ2000","book_id":24,"book_code":"JER","name":"JER.14","code":"JER.14"},{"id":15,"bible_id":1726,"bible_code":"HNJ2000","book_id":24,"book_code":"JER","name":"JER.15","code":"JER.15"},{"id":16,"bible_id":1726,"bible_code":"HNJ2000","book_id":24,"book_code":"JER","name":"JER.16","code":"JER.16"},{"id":17,"bible_id":1726,"bible_code":"HNJ2000","book_id":24,"book_code":"JER","name":"JER.17","code":"JER.17"},{"id":18,"bible_id":1726,"bible_code":"HNJ2000","book_id":24,"book_code":"JER","name":"JER.18","code":"JER.18"},{"id":19,"bible_id":1726,"bible_code":"HNJ2000","book_id":24,"book_code":"JER","name":"JER.19","code":"JER.19"},{"id":20,"bible_id":1726,"bible_code":"HNJ2000","book_id":24,"book_code":"JER","name":"JER.20","code":"JER.20"},{"id":21,"bible_id":1726,"bible_code":"HNJ2000","book_id":24,"book_code":"JER","name":"JER.21","code":"JER.21"},{"id":22,"bible_id":1726,"bible_code":"HNJ2000","book_id":24,"book_code":"JER","name":"JER.22","code":"JER.22"},{"id":23,"bible_id":1726,"bible_code":"HNJ2000","book_id":24,"book_code":"JER","name":"JER.23","code":"JER.23"},{"id":24,"bible_id":1726,"bible_code":"HNJ2000","book_id":24,"book_code":"JER","name":"JER.24","code":"JER.24"},{"id":25,"bible_id":1726,"bible_code":"HNJ2000","book_id":24,"book_code":"JER","name":"JER.25","code":"JER.25"},{"id":26,"bible_id":1726,"bible_code":"HNJ2000","book_id":24,"book_code":"JER","name":"JER.26","code":"JER.26"},{"id":27,"bible_id":1726,"bible_code":"HNJ2000","book_id":24,"book_code":"JER","name":"JER.27","code":"JER.27"},{"id":28,"bible_id":1726,"bible_code":"HNJ2000","book_id":24,"book_code":"JER","name":"JER.28","code":"JER.28"},{"id":29,"bible_id":1726,"bible_code":"HNJ2000","book_id":24,"book_code":"JER","name":"JER.29","code":"JER.29"},{"id":30,"bible_id":1726,"bible_code":"HNJ2000","book_id":24,"book_code":"JER","name":"JER.30","code":"JER.30"},{"id":31,"bible_id":1726,"bible_code":"HNJ2000","book_id":24,"book_code":"JER","name":"JER.31","code":"JER.31"},{"id":32,"bible_id":1726,"bible_code":"HNJ2000","book_id":24,"book_code":"JER","name":"JER.32","code":"JER.32"},{"id":33,"bible_id":1726,"bible_code":"HNJ2000","book_id":24,"book_code":"JER","name":"JER.33","code":"JER.33"},{"id":34,"bible_id":1726,"bible_code":"HNJ2000","book_id":24,"book_code":"JER","name":"JER.34","code":"JER.34"},{"id":35,"bible_id":1726,"bible_code":"HNJ2000","book_id":24,"book_code":"JER","name":"JER.35","code":"JER.35"},{"id":36,"bible_id":1726,"bible_code":"HNJ2000","book_id":24,"book_code":"JER","name":"JER.36","code":"JER.36"},{"id":37,"bible_id":1726,"bible_code":"HNJ2000","book_id":24,"book_code":"JER","name":"JER.37","code":"JER.37"},{"id":38,"bible_id":1726,"bible_code":"HNJ2000","book_id":24,"book_code":"JER","name":"JER.38","code":"JER.38"},{"id":39,"bible_id":1726,"bible_code":"HNJ2000","book_id":24,"book_code":"JER","name":"JER.39","code":"JER.39"},{"id":40,"bible_id":1726,"bible_code":"HNJ2000","book_id":24,"book_code":"JER","name":"JER.40","code":"JER.40"},{"id":41,"bible_id":1726,"bible_code":"HNJ2000","book_id":24,"book_code":"JER","name":"JER.41","code":"JER.41"},{"id":42,"bible_id":1726,"bible_code":"HNJ2000","book_id":24,"book_code":"JER","name":"JER.42","code":"JER.42"},{"id":43,"bible_id":1726,"bible_code":"HNJ2000","book_id":24,"book_code":"JER","name":"JER.43","code":"JER.43"},{"id":44,"bible_id":1726,"bible_code":"HNJ2000","book_id":24,"book_code":"JER","name":"JER.44","code":"JER.44"},{"id":45,"bible_id":1726,"bible_code":"HNJ2000","book_id":24,"book_code":"JER","name":"JER.45","code":"JER.45"},{"id":46,"bible_id":1726,"bible_code":"HNJ2000","book_id":24,"book_code":"JER","name":"JER.46","code":"JER.46"},{"id":47,"bible_id":1726,"bible_code":"HNJ2000","book_id":24,"book_code":"JER","name":"JER.47","code":"JER.47"},{"id":48,"bible_id":1726,"bible_code":"HNJ2000","book_id":24,"book_code":"JER","name":"JER.48","code":"JER.48"},{"id":49,"bible_id":1726,"bible_code":"HNJ2000","book_id":24,"book_code":"JER","name":"JER.49","code":"JER.49"},{"id":50,"bible_id":1726,"bible_code":"HNJ2000","book_id":24,"book_code":"JER","name":"JER.50","code":"JER.50"},{"id":51,"bible_id":1726,"bible_code":"HNJ2000","book_id":24,"book_code":"JER","name":"JER.51","code":"JER.51"},{"id":52,"bible_id":1726,"bible_code":"HNJ2000","book_id":24,"book_code":"JER","name":"JER.52","code":"JER.52"}]