[{"id":1,"bible_id":1726,"bible_code":"HNJ2000","book_id":25,"book_code":"LAM","name":"LAM.1","code":"LAM.1"},{"id":2,"bible_id":1726,"bible_code":"HNJ2000","book_id":25,"book_code":"LAM","name":"LAM.2","code":"LAM.2"},{"id":3,"bible_id":1726,"bible_code":"HNJ2000","book_id":25,"book_code":"LAM","name":"LAM.3","code":"LAM.3"},{"id":4,"bible_id":1726,"bible_code":"HNJ2000","book_id":25,"book_code":"LAM","name":"LAM.4","code":"LAM.4"},{"id":5,"bible_id":1726,"bible_code":"HNJ2000","book_id":25,"book_code":"LAM","name":"LAM.5","code":"LAM.5"}]