[{"id":1,"bible_id":1726,"bible_code":"HNJ2000","book_id":3,"book_code":"LEV","name":"LEV.1","code":"LEV.1"},{"id":2,"bible_id":1726,"bible_code":"HNJ2000","book_id":3,"book_code":"LEV","name":"LEV.2","code":"LEV.2"},{"id":3,"bible_id":1726,"bible_code":"HNJ2000","book_id":3,"book_code":"LEV","name":"LEV.3","code":"LEV.3"},{"id":4,"bible_id":1726,"bible_code":"HNJ2000","book_id":3,"book_code":"LEV","name":"LEV.4","code":"LEV.4"},{"id":5,"bible_id":1726,"bible_code":"HNJ2000","book_id":3,"book_code":"LEV","name":"LEV.5","code":"LEV.5"},{"id":6,"bible_id":1726,"bible_code":"HNJ2000","book_id":3,"book_code":"LEV","name":"LEV.6","code":"LEV.6"},{"id":7,"bible_id":1726,"bible_code":"HNJ2000","book_id":3,"book_code":"LEV","name":"LEV.7","code":"LEV.7"},{"id":8,"bible_id":1726,"bible_code":"HNJ2000","book_id":3,"book_code":"LEV","name":"LEV.8","code":"LEV.8"},{"id":9,"bible_id":1726,"bible_code":"HNJ2000","book_id":3,"book_code":"LEV","name":"LEV.9","code":"LEV.9"},{"id":10,"bible_id":1726,"bible_code":"HNJ2000","book_id":3,"book_code":"LEV","name":"LEV.10","code":"LEV.10"},{"id":11,"bible_id":1726,"bible_code":"HNJ2000","book_id":3,"book_code":"LEV","name":"LEV.11","code":"LEV.11"},{"id":12,"bible_id":1726,"bible_code":"HNJ2000","book_id":3,"book_code":"LEV","name":"LEV.12","code":"LEV.12"},{"id":13,"bible_id":1726,"bible_code":"HNJ2000","book_id":3,"book_code":"LEV","name":"LEV.13","code":"LEV.13"},{"id":14,"bible_id":1726,"bible_code":"HNJ2000","book_id":3,"book_code":"LEV","name":"LEV.14","code":"LEV.14"},{"id":15,"bible_id":1726,"bible_code":"HNJ2000","book_id":3,"book_code":"LEV","name":"LEV.15","code":"LEV.15"},{"id":16,"bible_id":1726,"bible_code":"HNJ2000","book_id":3,"book_code":"LEV","name":"LEV.16","code":"LEV.16"},{"id":17,"bible_id":1726,"bible_code":"HNJ2000","book_id":3,"book_code":"LEV","name":"LEV.17","code":"LEV.17"},{"id":18,"bible_id":1726,"bible_code":"HNJ2000","book_id":3,"book_code":"LEV","name":"LEV.18","code":"LEV.18"},{"id":19,"bible_id":1726,"bible_code":"HNJ2000","book_id":3,"book_code":"LEV","name":"LEV.19","code":"LEV.19"},{"id":20,"bible_id":1726,"bible_code":"HNJ2000","book_id":3,"book_code":"LEV","name":"LEV.20","code":"LEV.20"},{"id":21,"bible_id":1726,"bible_code":"HNJ2000","book_id":3,"book_code":"LEV","name":"LEV.21","code":"LEV.21"},{"id":22,"bible_id":1726,"bible_code":"HNJ2000","book_id":3,"book_code":"LEV","name":"LEV.22","code":"LEV.22"},{"id":23,"bible_id":1726,"bible_code":"HNJ2000","book_id":3,"book_code":"LEV","name":"LEV.23","code":"LEV.23"},{"id":24,"bible_id":1726,"bible_code":"HNJ2000","book_id":3,"book_code":"LEV","name":"LEV.24","code":"LEV.24"},{"id":25,"bible_id":1726,"bible_code":"HNJ2000","book_id":3,"book_code":"LEV","name":"LEV.25","code":"LEV.25"},{"id":26,"bible_id":1726,"bible_code":"HNJ2000","book_id":3,"book_code":"LEV","name":"LEV.26","code":"LEV.26"},{"id":27,"bible_id":1726,"bible_code":"HNJ2000","book_id":3,"book_code":"LEV","name":"LEV.27","code":"LEV.27"}]