[{"bible_id":"1216","chapter_code":"EZR.1","verse_code":"EZR.1.1","label":"1","content":"Thawj xyoo kws vaajntxwv Xailab kaav Pawxia tebchaws, mas Yawmsaub tshoov Pawxia tug vaajntxwv Xailab lub sab, sub txhad ua kuas tav lawv le tej lug kws Yawmsaub kuas Yelemi lub qhov ncauj has, Xailab txhad tshaaj tawm thoob plawg nwg lub tebchaws hab muab sau ca has tas,"},{"bible_id":"1216","chapter_code":"EZR.1","verse_code":"EZR.1.2","label":"2","content":"\u201cPawxia tug vaajntxwv Xailab has le nuav. Yawmsaub kws yog Vaajtswv ntuj tau pub ib tsoom tebchaws huvsw huv lub nplajteb rua kuv, hab nwg has kuas kuv ua lub tuam tsev rua nwg rua huv lub nroog Yeluxalee kws nyob huv Yuta tebchaws."},{"bible_id":"1216","chapter_code":"EZR.1","verse_code":"EZR.1.3","label":"3","content":"Mej cov muaj leejtwg yog nwg haiv tuabneeg, thov nwg tug Vaajtswv nrug nraim tug hov nyob. Nwg ca le rov moog rua Yeluxalee kws nyob huv Yuta tebchaws hab rov tswm khu Yawmsaub kws yog cov Yixayee tug Vaajtswv lub tuam tsev dua tshab, Yawmsaub yog tug Vaajtswv kws nyob huv Yeluxalee."},{"bible_id":"1216","chapter_code":"EZR.1","verse_code":"EZR.1.4","label":"4","content":"Hab txhua tug kws tshuav nyob tsw has nyob rua hovtwg los ca cov tuabneeg kws puab nrug nyob hov paab nyaj hab kub hab hov txhua chaw hab tsaj txhu, muab tshaaj tej kws zoo sab pub xyeem rua Vaajtswv lub tuam tsev kws nyob huv Yeluxalee.\u201d"},{"bible_id":"1216","chapter_code":"EZR.1","verse_code":"EZR.1.5","label":"5","content":"Tes xeem Yuta hab xeem Npeeyamee cov thawj huv txhua cum hab cov pov thawj hab cov Levi, yog txhua tug kws Vaajtswv tug Ntsuj Plig tau tshoov lub sab, txhad npaaj yuav moog ua Yawmsaub lub tuam tsev rua huv Yeluxalee dua tshab."},{"bible_id":"1216","chapter_code":"EZR.1","verse_code":"EZR.1.6","label":"6","content":"Mas txhua tug kws nrug puab nyob ua ke paab tej pestwj nyaj hab kub hab hov txhua chaw hab tsaj txhu hab tej yaam muaj nqes, tshaaj tej kws zoo sab muab xyeem pub."},{"bible_id":"1216","chapter_code":"EZR.1","verse_code":"EZR.1.7","label":"7","content":"Tej pestwj swv huv Yawmsaub lub tuam tsev kws Nenpukhanexa tub coj huv Yeluxalee moog ca rua huv nwg lub tsev kws teev daab, mas vaajntxwv Xailab muab rhu tawm lug."},{"bible_id":"1216","chapter_code":"EZR.1","verse_code":"EZR.1.8","label":"8","content":"Pawxia tug vaajntxwv muab tej hov rhu lug cob rua Milenta kws yog tug ceev nyaj, mas Milenta txhad muab suav rua Senpaxa kws yog Yuta ib tug thawj."},{"bible_id":"1216","chapter_code":"EZR.1","verse_code":"EZR.1.9","label":"9","content":"Tej ntawd muaj npaum le nuav. Peb caug lub taig kub, ib txheeb lub taig nyaj, neeg nkaum cuaj lub phaaj,"},{"bible_id":"1216","chapter_code":"EZR.1","verse_code":"EZR.1.10","label":"10","content":"peb caug lub phaaj kub, plaub puas kaum lub phaaj nyaj hab lwm yaam taig phaaj ib txheeb lub."},{"bible_id":"1216","chapter_code":"EZR.1","verse_code":"EZR.1.11","label":"11","content":"Tej twj taig kws muab kub muab nyaj ua huvsw muaj tswb txheeb plaub puas lub. Tej nuav huvsw Senpaxa coj lug rua thaus kws coj cov kws poob tebchaws huv Npanpiloo rov lug txug huv Yeluxalee."},{"bible_id":"1216","chapter_code":"EZR.2","verse_code":"EZR.2.1","label":"1","content":"Ntawm nuav moog yog cov pejxeem huv Yuta tebchaws kws vaajntxwv Nenpukhanexa huv Npanpiloo tau nteg coj moog poob tebchaws rua Npanpiloo es tau rov qaab lug. Puab rov qaab lug rua huv Yeluxalee hab Yuta, nyag rov lug nyob rua nyag lub moos."},{"bible_id":"1216","chapter_code":"EZR.2","verse_code":"EZR.2.2","label":"2","content":"Puab nrug Xelunpanpee, Yesua, Nehemi, Xelaya, Le\u2011elaya, Mauntekhai, Npisaa, Mipa, Npivai, Lehoo hab Npa\u2011anas lug ua ke. Cov pejxeem Yixayee muaj npaum le nuav."},{"bible_id":"1216","chapter_code":"EZR.2","verse_code":"EZR.2.3","label":"3","content":"Palau caaj ceg muaj 2,172 leeg."},{"bible_id":"1216","chapter_code":"EZR.2","verse_code":"EZR.2.4","label":"4","content":"Sefathiya caaj ceg muaj 372 leeg."},{"bible_id":"1216","chapter_code":"EZR.2","verse_code":"EZR.2.5","label":"5","content":"Alag caaj ceg muaj 775 leeg."},{"bible_id":"1216","chapter_code":"EZR.2","verse_code":"EZR.2.6","label":"6","content":"Paha Mau\u2011a caaj ceg kws yog Yesua hab Yau\u2011a caaj ceg muaj 2,812 leeg."},{"bible_id":"1216","chapter_code":"EZR.2","verse_code":"EZR.2.7","label":"7","content":"Elaa caaj ceg muaj 1,254 leeg."},{"bible_id":"1216","chapter_code":"EZR.2","verse_code":"EZR.2.8","label":"8","content":"Xathu caaj ceg muaj 945 leeg."},{"bible_id":"1216","chapter_code":"EZR.2","verse_code":"EZR.2.9","label":"9","content":"Xakhai caaj ceg muaj 760 leej."},{"bible_id":"1216","chapter_code":"EZR.2","verse_code":"EZR.2.10","label":"10","content":"Npani caaj ceg muaj 642 leeg."},{"bible_id":"1216","chapter_code":"EZR.2","verse_code":"EZR.2.11","label":"11","content":"Npenpai caaj ceg muaj 623 leeg."},{"bible_id":"1216","chapter_code":"EZR.2","verse_code":"EZR.2.12","label":"12","content":"Axaka caaj ceg muaj 1,222 leeg."},{"bible_id":"1216","chapter_code":"EZR.2","verse_code":"EZR.2.13","label":"13","content":"Antaunikhaa caaj ceg muaj 666 leej."},{"bible_id":"1216","chapter_code":"EZR.2","verse_code":"EZR.2.14","label":"14","content":"Npivai caaj ceg muaj 2,056 leej."},{"bible_id":"1216","chapter_code":"EZR.2","verse_code":"EZR.2.15","label":"15","content":"Antee caaj ceg muaj 454 leeg."},{"bible_id":"1216","chapter_code":"EZR.2","verse_code":"EZR.2.16","label":"16","content":"Athaw caaj ceg kws yog Hexekhiya cum muaj 98 leej."},{"bible_id":"1216","chapter_code":"EZR.2","verse_code":"EZR.2.17","label":"17","content":"Npexai caaj ceg muaj 323 leeg."},{"bible_id":"1216","chapter_code":"EZR.2","verse_code":"EZR.2.18","label":"18","content":"Yaula caaj ceg muaj 112 leeg."},{"bible_id":"1216","chapter_code":"EZR.2","verse_code":"EZR.2.19","label":"19","content":"Hasu caaj ceg muaj 223 leeg."},{"bible_id":"1216","chapter_code":"EZR.2","verse_code":"EZR.2.20","label":"20","content":"Kinpa caaj ceg muaj 95 leeg."},{"bible_id":"1216","chapter_code":"EZR.2","verse_code":"EZR.2.21","label":"21","content":"Cov tuabneeg Npelehee muaj 123 leeg."},{"bible_id":"1216","chapter_code":"EZR.2","verse_code":"EZR.2.22","label":"22","content":"Cov tuabneeg Nethaufa muaj 56 leej."},{"bible_id":"1216","chapter_code":"EZR.2","verse_code":"EZR.2.23","label":"23","content":"Cov tuabneeg Anathau muaj 128 leej."},{"bible_id":"1216","chapter_code":"EZR.2","verse_code":"EZR.2.24","label":"24","content":"Cov tuabneeg Amave muaj 42 leeg."},{"bible_id":"1216","chapter_code":"EZR.2","verse_code":"EZR.2.25","label":"25","content":"Cov tuabneeg Khiliya\u2011ali,  cov tuabneeg Khefila hab cov tuabneeg Npe\u2011awlau muaj 743 leeg."},{"bible_id":"1216","chapter_code":"EZR.2","verse_code":"EZR.2.26","label":"26","content":"Cov tuabneeg Lama hab cov tuabneeg Kenpa muaj 621 leeg."},{"bible_id":"1216","chapter_code":"EZR.2","verse_code":"EZR.2.27","label":"27","content":"Cov tuabneeg Mima muaj 122 leeg."},{"bible_id":"1216","chapter_code":"EZR.2","verse_code":"EZR.2.28","label":"28","content":"Cov tuabneeg Npe\u2011ee hab cov tuabneeg Ai muaj 223 leeg."},{"bible_id":"1216","chapter_code":"EZR.2","verse_code":"EZR.2.29","label":"29","content":"Cov tuabneeg Nenpau muaj 52 leeg."},{"bible_id":"1216","chapter_code":"EZR.2","verse_code":"EZR.2.30","label":"30","content":"Cov tuabneeg Manpi muaj 156 leej."},{"bible_id":"1216","chapter_code":"EZR.2","verse_code":"EZR.2.31","label":"31","content":"Muaj dua ib lub moos Elaa cov tuabneeg muaj 1,254 leeg."},{"bible_id":"1216","chapter_code":"EZR.2","verse_code":"EZR.2.32","label":"32","content":"Cov tuabneeg Halee muaj 320 leej."},{"bible_id":"1216","chapter_code":"EZR.2","verse_code":"EZR.2.33","label":"33","content":"Cov tuabneeg Lau, cov tuabneeg Hanti hab cov tuabneeg Aunau muaj 725 leeg."},{"bible_id":"1216","chapter_code":"EZR.2","verse_code":"EZR.2.34","label":"34","content":"Cov tuabneeg Yelikhau muaj 345 leeg."},{"bible_id":"1216","chapter_code":"EZR.2","verse_code":"EZR.2.35","label":"35","content":"Cov tuabneeg Xena\u2011a muaj 3,630 leej."},{"bible_id":"1216","chapter_code":"EZR.2","verse_code":"EZR.2.36","label":"36","content":"Cov pov thawj muaj le nuav. Yentaya caaj ceg kws yog Yesua cum muaj 973 leeg."},{"bible_id":"1216","chapter_code":"EZR.2","verse_code":"EZR.2.37","label":"37","content":"Imaw caaj ceg muaj 1,052 leeg."},{"bible_id":"1216","chapter_code":"EZR.2","verse_code":"EZR.2.38","label":"38","content":"Pasaw caaj ceg muaj 1,247 leej."},{"bible_id":"1216","chapter_code":"EZR.2","verse_code":"EZR.2.39","label":"39","content":"Halee caaj ceg muaj 1,017 leej."},{"bible_id":"1216","chapter_code":"EZR.2","verse_code":"EZR.2.40","label":"40","content":"Cov Levi muaj le nuav. Yesua hab Khami\u2011ee caaj ceg kws yog Hauntaviya ob tug tub cum muaj 74 leeg."},{"bible_id":"1216","chapter_code":"EZR.2","verse_code":"EZR.2.41","label":"41","content":"Cov hu nkauj muaj le nuav. Axas caaj ceg muaj 128 leej."},{"bible_id":"1216","chapter_code":"EZR.2","verse_code":"EZR.2.42","label":"42","content":"Cov kws zuv tej rooj loog caaj ceg yog le nuav. Salu caaj ceg, Athaw caaj ceg, Thaamoo caaj ceg, Akhu caaj ceg, Hathitha caaj ceg hab Saunpai caaj ceg huvsw muaj 139 leej."},{"bible_id":"1216","chapter_code":"EZR.2","verse_code":"EZR.2.43","label":"43","content":"Cov tub teg tub taw kws ua num huv lub tuam tsev muaj le nuav. Xiha caaj ceg, Haxufa caaj ceg, Thanpa\u2011au caaj ceg,"},{"bible_id":"1216","chapter_code":"EZR.2","verse_code":"EZR.2.44","label":"44","content":"Khelau caaj ceg, Xi\u2011aha caaj ceg, Phantoo caaj ceg,"},{"bible_id":"1216","chapter_code":"EZR.2","verse_code":"EZR.2.45","label":"45","content":"Lenpana caaj ceg, Hakanpa caaj ceg, Akhu caaj ceg,"},{"bible_id":"1216","chapter_code":"EZR.2","verse_code":"EZR.2.46","label":"46","content":"Hakas caaj ceg, Saalai caaj ceg, Hanaa caaj ceg,"},{"bible_id":"1216","chapter_code":"EZR.2","verse_code":"EZR.2.47","label":"47","content":"Kintee caaj ceg, Kaha caaj ceg, Le\u2011aya caaj ceg,"},{"bible_id":"1216","chapter_code":"EZR.2","verse_code":"EZR.2.48","label":"48","content":"Lexi caaj ceg, Nekhaunta caaj ceg, Kaxaa caaj ceg,"},{"bible_id":"1216","chapter_code":"EZR.2","verse_code":"EZR.2.49","label":"49","content":"Uxa caaj ceg, Paxe\u2011a caaj ceg, Npexai caaj ceg,"},{"bible_id":"1216","chapter_code":"EZR.2","verse_code":"EZR.2.50","label":"50","content":"Axana caaj ceg, Me\u2011uni caaj ceg, Nefixi caaj ceg,"},{"bible_id":"1216","chapter_code":"EZR.2","verse_code":"EZR.2.51","label":"51","content":"Npanpu caaj ceg, Hakhufa caaj ceg, Hahu caaj ceg,"},{"bible_id":"1216","chapter_code":"EZR.2","verse_code":"EZR.2.52","label":"52","content":"Npaluj caaj ceg, Mehinta caaj ceg, Hasa caaj ceg,"},{"bible_id":"1216","chapter_code":"EZR.2","verse_code":"EZR.2.53","label":"53","content":"Npakau caaj ceg, Xixela caaj ceg, Thema caaj ceg,"},{"bible_id":"1216","chapter_code":"EZR.2","verse_code":"EZR.2.54","label":"54","content":"Nexiya caaj ceg hab Hathifa caaj ceg."},{"bible_id":"1216","chapter_code":"EZR.2","verse_code":"EZR.2.55","label":"55","content":"Xalaumoo cov tub teg tub taw caaj ceg muaj le nuav, yog Xauthai caaj ceg, Haxaufele caaj ceg, Pelunta caaj ceg,"},{"bible_id":"1216","chapter_code":"EZR.2","verse_code":"EZR.2.56","label":"56","content":"Ya\u2011ala caaj ceg, Ntakhoo caaj ceg, Kintee caaj ceg,"},{"bible_id":"1216","chapter_code":"EZR.2","verse_code":"EZR.2.57","label":"57","content":"Sefathiya caaj ceg, Hathi caaj ceg, Paukhele Haxanpa\u2011i caaj ceg, Ami caaj ceg."},{"bible_id":"1216","chapter_code":"EZR.2","verse_code":"EZR.2.58","label":"58","content":"Cov tub teg tub taw kws ua num ntawm lub tuam tsev huvsw hab Xalaumoo cov tub teg tub taw le caaj ceg huvsw muaj 392 leeg."},{"bible_id":"1216","chapter_code":"EZR.2","verse_code":"EZR.2.59","label":"59","content":"Cov nuav moog yog cov kws nyob ntawm Theemela, Theehasa, Khelu, Antaa hab Imaw tuaj tassws puab paub tsw tseeb tas puab caaj ceg hab puab keeb kwm yog tuabneeg Yixayee los tsw yog."},{"bible_id":"1216","chapter_code":"EZR.2","verse_code":"EZR.2.60","label":"60","content":"Yog Ntelaya caaj ceg, Thaunpia caaj ceg hab Nekhaunta caaj ceg muaj 652 leeg."},{"bible_id":"1216","chapter_code":"EZR.2","verse_code":"EZR.2.61","label":"61","content":"Hab cov pov thawj le caaj ceg muaj le nuav, yog Hanpaya caaj ceg, Hakhau caaj ceg hab Npaxilai caaj ceg. (Npaxilai tug quaspuj yog Npaxilai kws yog tuabneeg Kile\u2011a tug ntxhais, nwg txhad tau lub npe hu le ntawd.)"},{"bible_id":"1216","chapter_code":"EZR.2","verse_code":"EZR.2.62","label":"62","content":"Cov tuabneeg nuav nrhav puab lub npe huv tej ntawv kws nce npe lawv le keeb kwm tassws nrhav tsw tau. Puab txhad raug suav ua cov tuabneeg qas tsw huv hab raug txav tawm ua tsw tau pov thawj."},{"bible_id":"1216","chapter_code":"EZR.2","verse_code":"EZR.2.63","label":"63","content":"Tug tswv xeev has kuas puab tsw xob noj tej zaub mov kws dawb huv kawg nkaus moog txug thaus muaj ib tug pov thawj saib Uli hab Thumi  tsaiv."},{"bible_id":"1216","chapter_code":"EZR.2","verse_code":"EZR.2.64","label":"64","content":"Ib tsoom pejxeem huvsw muaj 42,360 leej,"},{"bible_id":"1216","chapter_code":"EZR.2","verse_code":"EZR.2.65","label":"65","content":"cov tub qhe nkauj qhev kws puab tsw suav muaj 7,337 leej, hab puab muaj cov tub ntxhais kws hu nkauj 200 leej."},{"bible_id":"1216","chapter_code":"EZR.2","verse_code":"EZR.2.66","label":"66","content":"Puab muaj neeg 736 tug, muaj luj txwv 245 tug,"},{"bible_id":"1216","chapter_code":"EZR.2","verse_code":"EZR.2.67","label":"67","content":"muaj ntxhuav 435 tug, hab neeg luav 6,720 tug."},{"bible_id":"1216","chapter_code":"EZR.2","verse_code":"EZR.2.68","label":"68","content":"Thaus puab lug txug ntawm Yawmsaub lub tuam tsev kws nyob huv Yeluxalee, cov thawj huv tej cum muaj qee leej puab zoo sab pub xyeem rua huv Vaajtswv lub tuam tsev es swv ua lub tuam tsev rua huv qhov qub chaw."},{"bible_id":"1216","chapter_code":"EZR.2","verse_code":"EZR.2.69","label":"69","content":"Puab xyeem lawv le puab muaj rua huv lub txhaab nyaj, yog 61,000 ntali kub,  5,000 mina nyaj,  hab 100 cev tsoog pov thawj."},{"bible_id":"1216","chapter_code":"EZR.2","verse_code":"EZR.2.70","label":"70","content":"Cov pov thawj, cov Levi hab cov pejxeem ib txha [nyob huv Yeluxalee hab ib ncig saab nrau]  hab cov hu nkauj, cov zuv tej rooj loog hab cov tub teg tub taw kws ua num rua lub tuam tsev nyob huv puab tej moos, hab cov Yixayee suavdawg nyob huv puab tej moos."},{"bible_id":"1216","chapter_code":"EZR.3","verse_code":"EZR.3.1","label":"1","content":"Thaus txug lub xyaa hli cov Yixayee lug nyob rua huv puab tej moos lawm, mas cov pejxeem suavdawg tuaj txoos ua ke rua huv Yeluxalee."},{"bible_id":"1216","chapter_code":"EZR.3","verse_code":"EZR.3.2","label":"2","content":"Tes Yauxanta tug tub Yesua hab nwg cov kwvtij kws ua pov thawj, hab Se\u2011athi\u2011ee tug tub Xelunpanpee hab nwg cov kwvtij, puab suavdawg nqeg teg ua Yixayee tug Vaajtswv lub thaaj sub txhad tau ua kevcai hlawv xyeem rua sau lawv le sau ca rua huv Vaajtswv tug tuabneeg Mauxe txuj kevcai."},{"bible_id":"1216","chapter_code":"EZR.3","verse_code":"EZR.3.3","label":"3","content":"Puab ua lub thaaj rua sau lub qub chaw, vem yog puab ntshai tej tuabneeg kws nyob ib ncig, hab puab ua kevcai hlawv xyeem thaus taagkig hab thaus yuav tsaus ntuj rua sau lub thaaj hov rua Yawmsaub."},{"bible_id":"1216","chapter_code":"EZR.3","verse_code":"EZR.3.4","label":"4","content":"Puab ua kevcai nyob tsev pheeb suav lawv le kws sau ca lawd, hab naj nub tua tsaj ua kevcai hlawv xyeem npaum le kws has ca rua huv txuj kevcai kws naj nub yuav tsum ua."},{"bible_id":"1216","chapter_code":"EZR.3","verse_code":"EZR.3.5","label":"5","content":"Dhau ntawd puab kuj xyeem tej kws naj nub ua kevcai hlawv xyeem moog le, hab tej kws xyeem rua nub hli xab hab xyeem rua txhua lub swjhawm kws Yawmsaub teem tseg, hab puab xyeem tej kws txhua tug zoo sab pub rua Yawmsaub."},{"bible_id":"1216","chapter_code":"EZR.3","verse_code":"EZR.3.6","label":"6","content":"Puab chiv ua kevcai hlawv xyeem rua Yawmsaub txwj nub xab ib lub xyaa hli. Tassws puab tsw tau tag tej taw kws ua Yawmsaub lub tuam tsev."},{"bible_id":"1216","chapter_code":"EZR.3","verse_code":"EZR.3.7","label":"7","content":"Puab muab nyaj rua cov Kws txhwm zeb hab cov Kws ntoo, hab muab zaub mov hab dej haus hab roj rua cov tuabneeg Xaintoo hab Thailab kuas puab coj ntoo cab huv Lenpanoo moog txug ntawm havtxwv hab xaa moog txug lub moos Yaupa lawv le Pawxia tug vaajntxwv Xailab tso cai rua puab lawd."},{"bible_id":"1216","chapter_code":"EZR.3","verse_code":"EZR.3.8","label":"8","content":"Thaus puab rov lug rua huv Yeluxalee lawd mas xyoo kws ob lub ob hlis Se\u2011athi\u2011ee tug tub Xelunpanpee hab Yauxanta tug tub Yesua hab ob tug cov kwvtij kws yog cov pov thawj hab cov Levi, hab txhua tug kws poob tebchaws es rov lug rua huv Yeluxalee, chiv ua lub tuam tsev. Puab tsaa cov Levi kws noob nyoog neeg nkaum xyoo rov sau saib tej daag num ua Yawmsaub lub tuam tsev."},{"bible_id":"1216","chapter_code":"EZR.3","verse_code":"EZR.3.9","label":"9","content":"Yesua hab nwg cov tub hab nwg cov kwvtij hab Khami\u2011ee hab nwg cov tub kws yog Hauntaviya  caaj ceg, hab Henanta cov tub hab puab cov tub hab puab cov kwvtij kws yog cov Levi sws koom saib tej tub zug kws ua Vaajtswv lub tuam tsev."},{"bible_id":"1216","chapter_code":"EZR.3","verse_code":"EZR.3.10","label":"10","content":"Thaus cov Kws ua tsev tag tej taw rua Yawmsaub lub tuam tsev, mas cov pov thawj naav tsoog meej mom tawm lug tuav rawv raaj xyu hab cov Levi kws yog Axas caaj ceg tuav rawv nruag npuaj tooj lab tawm lug qhuas Yawmsaub lawv le cov Yixayee tug vaajntxwv Tavi tu tseg."},{"bible_id":"1216","chapter_code":"EZR.3","verse_code":"EZR.3.11","label":"11","content":"Mas puab hu nkauj sws quas qhuas hab ua Yawmsaub tsaug has tas, \u201cNwg yog tug zoo, nwg txujkev hlub kws ruaj khov nyob moog ib txhws rua cov Yixayee.\u201d Cov pejxeem suavdawg kuj tsaa suab hu nrov nrov rua thaus puab qhuas Yawmsaub tsua qhov tub tag tej taw Yawmsaub lub tuam tsev tav lawm."},{"bible_id":"1216","chapter_code":"EZR.3","verse_code":"EZR.3.12","label":"12","content":"Tassws cov pov thawj hab cov Levi kws ua thawj huv tej cum, yog cov laug kws tub pum lub tuam tsev qub lawm mas thaus puab pum luas saamswm ua tej taw tag lub tuam tsev tshab nuav puab kuj quaj nrov heev, tassws tseed muaj ntau leej hu zoo sab xyiv faab."},{"bible_id":"1216","chapter_code":"EZR.3","verse_code":"EZR.3.13","label":"13","content":"Cov pejxeem txhad tsw paub tas qhov twg yog suab zoo sab xyiv faab qhov twg yog suab quaj, vem yog cov pejxeem qw nrov heev hab tej suab hov nrov moog deb kawg."},{"bible_id":"1216","chapter_code":"EZR.4","verse_code":"EZR.4.1","label":"1","content":"Thaus Yuta hab Npeeyamee cov yeeb ncuab nov tas cov kws poob tebchaws rov qaab lug saamswm ua lub tuam tsev rua Yawmsaub kws yog cov Yixayee tug Vaajtswv,"},{"bible_id":"1216","chapter_code":"EZR.4","verse_code":"EZR.4.2","label":"2","content":"puab txawm tuaj cuag Xelunpanpee hab cov kws ua thawj huv txhua cum hab has rua puab tas, \u201cCa peb nrug mej ua hab, tsua qhov peb yeej pe hawm mej tug Vaajtswv ib yaam le mej, hab txwj thaus Axilia tug vaajntxwv Exahantoo coj peb lug nyob ntawm nuav peb tub xyeem tsaj rua Vaajtswv lug le lawm.\u201d"},{"bible_id":"1216","chapter_code":"EZR.4","verse_code":"EZR.4.3","label":"3","content":"Tassws Xelunpanpee hab Yesua hab lwm tug kws ua thawj huv Yixayee txhua cum has rua puab tas, \u201cMej tsw muaj feem nrug peb ua lub tuam tsev rua peb tug Vaajtswv. Ca peb ua peb rua Yawmsaub kws yog cov Yixayee tug Vaajtswv, lawv le Pawxia tug vaajntxwv Xailab has ca rua peb lawd.\u201d"},{"bible_id":"1216","chapter_code":"EZR.4","verse_code":"EZR.4.4","label":"4","content":"Cov tuabneeg kws nyob huv lub tebchaws hov ua rua cov Yuta qaug zug hab ua rua puab ntshai qhov kws ua lub tuam tsev,"},{"bible_id":"1216","chapter_code":"EZR.4","verse_code":"EZR.4.5","label":"5","content":"hab tseed ndav tuabneeg moog tshaum khuam cheem kuas ua tsw tau lawv le cov Yuta npaaj sab ca lawd moog taag Pawxia tug vaajntxwv Xailab swm neej moog txug thaus Ntali\u2011a ua vaajntxwv kaav Pawxia tebchaws."},{"bible_id":"1216","chapter_code":"EZR.4","verse_code":"EZR.4.6","label":"6","content":"Thaus Xawxi  chiv ua vaajntxwv kaav, puab tseed sau ntawv moog kom cov Yuta hab cov huv Yeluxalee."},{"bible_id":"1216","chapter_code":"EZR.4","verse_code":"EZR.4.7","label":"7","content":"Thaus Athaxawxi ua vaajntxwv kaav, mas Npilaa hab Milenta hab Thanpe\u2011ee hab puab paab suavdawg sau ntawv moog rua Athaxawxi kws ua vaajntxwv kaav Pawxia tebchaws. Tsaab ntawv hov puab sau npe ntawv Alaa hab has ua lug Alaa."},{"bible_id":"1216","chapter_code":"EZR.4","verse_code":"EZR.4.8","label":"8","content":"Lehoo kws ua thawj hab Sisai kws yog tug tub sau ntawv sau tsaab ntawv kom Yeluxalee xaa moog rua vaajntxwv Athaxawxi le nuav."},{"bible_id":"1216","chapter_code":"EZR.4","verse_code":"EZR.4.9","label":"9","content":"Tes Lehoo kws ua thawj hab Sisai kws yog tug tub sau ntawv hab lwm tug kws koom nrug ob tug, yog cov kws tu plaub, cov kws kaav tej moos hab cov num tswv, puab yog cov Pawxia hab cov tuabneeg Elej hab cov Npanpiloo hab cov tuabneeg Xuxa kws yog tuabneeg Elaa,"},{"bible_id":"1216","chapter_code":"EZR.4","verse_code":"EZR.4.10","label":"10","content":"hab lwm haiv tuabneeg kws tug thawj Aunapa  kws muaj koob meej xaa tuaj nyob huv Xamali tej moos hab lwm qhov huv lub xeev kws nyob saab dej Yufeti nub poob, puab suavdawg koom sau tsaab ntawv nuav."},{"bible_id":"1216","chapter_code":"EZR.4","verse_code":"EZR.4.11","label":"11","content":"Tsaab ntawv kws puab sau hov has le nuav: \u201cFwm txug vaajntxwv Athaxawxi. Koj cov tub qhe kws yog cov tuabneeg nyob saab dej Yufeti nub poob xaa lug noj qaab nyob zoo txug koj."},{"bible_id":"1216","chapter_code":"EZR.4","verse_code":"EZR.4.12","label":"12","content":"Thov has rua vaajntxwv paub tas, cov Yutai kws lug ntawm koj lug txug peb tau moog rua huv Yeluxalee. Puab saamswm tswm lub nroog kws pheej faav xeeb hab phem kawg hov dua tshab. Puab saamswm khu tej ntsaa loog hab tswm khu tej taw tag."},{"bible_id":"1216","chapter_code":"EZR.4","verse_code":"EZR.4.13","label":"13","content":"Nwgnuav thov vaajntxwv paub has tas, yog ua tau lub nroog nuav dua tshab hab ua tej ntsaa loog tav, puab yuav tsw them se qoob loos se laag luam se laj teb, tes vaajntxwv le nyaj yuav tsawg zuj zug."},{"bible_id":"1216","chapter_code":"EZR.4","verse_code":"EZR.4.14","label":"14","content":"Vem peb tau noj koj le roj le ntsev mas tsw tswm nyog peb pum koj poob koob. Vem le nuav peb txhad xaa lug tuaj has rua vaajntxwv,"},{"bible_id":"1216","chapter_code":"EZR.4","verse_code":"EZR.4.15","label":"15","content":"thov koj tshawb nrhav tau phoo ntawv keeb kwm kws koj tej laug sau ca. Koj yuav pum huv phoo ntawv keeb kwm hov hab paub tas lub nroog nuav yog lub nroog kws pheej faav xeeb hab tswm kev kub ntxhuv rua tej vaajntxwv hab rua tej xeev, hab txwj yaav thau u lug pheej muaj kev tuav huv faav xeeb tshwm lug rua huv. Vem le nuav lub nroog nuav txhad raug muab tso tseg pam taag."},{"bible_id":"1216","chapter_code":"EZR.4","verse_code":"EZR.4.16","label":"16","content":"Peb thov qha rua vaajntxwv paub tas, yog tswm lub nroog nuav dua tshab hab ua tej ntsaa loog tav mas koj yuav tsw muaj feem ib yaam daabtsw rua huv lub xeev kws nyob saab ntug dej nub poob.\u201d"},{"bible_id":"1216","chapter_code":"EZR.4","verse_code":"EZR.4.17","label":"17","content":"Vaajntxwv xaa ntawv teb moog has tas, \u201cNyob zoo txug tug thawj Lehoo hab Sisai kws yog tug tub sau ntawv hab lwm tug kws koom nrug ob tug kws nyob huv lub xeev Xamali hab nyob lwm qhov huv lub xeev saab dej Yufeti nub poob."},{"bible_id":"1216","chapter_code":"EZR.4","verse_code":"EZR.4.18","label":"18","content":"Tsaab ntawv kws mej xaa tuaj rua peb, tub muab nyeem hab txhais rua kuv noog."},{"bible_id":"1216","chapter_code":"EZR.4","verse_code":"EZR.4.19","label":"19","content":"Hab kuv tub has kuas moog tshawb nrhav, mas txhad pum tas lub nroog nuav txwj thau u lug pheej sawv tiv tej vaajntxwv hab muaj kev faav xeeb muaj kev tuav tswvyim phem tshwm huv lub nroog nuav lug."},{"bible_id":"1216","chapter_code":"EZR.4","verse_code":"EZR.4.20","label":"20","content":"Txeev muaj tej vaajntxwv kws muaj fwjchim kaav Yeluxalee. Puab kaav taag nrho lub xeev saab dej Yufeti nub poob, hab luas them se qoob loos se laag luam se laj teb."},{"bible_id":"1216","chapter_code":"EZR.4","verse_code":"EZR.4.21","label":"21","content":"Vem le nuav mej ca le has kuas cov tuabneeg hov tseg tsw xob ua num, hab tsw xob ua lub nroog nuav dua tshab moog txug thaus kuv tso cai tsaiv."},{"bible_id":"1216","chapter_code":"EZR.4","verse_code":"EZR.4.22","label":"22","content":"Mej ca le ceev faaj tsw xob muab qhov nuav sej ca. Ua caag mej yuav ca tej xwm txheej phem nuav nthuav luj quas zug ua rua vaajntxwv poob koob?\u201d"},{"bible_id":"1216","chapter_code":"EZR.4","verse_code":"EZR.4.23","label":"23","content":"Mas thaus nyeem vaajntxwv Athaxawxi tsaab ntawv rua Lehoo hab Sisai kws ua tug tub sau ntawv hab cov kws koom nrug ob tug noog, tes puab maaj nroog moog cuag cov Yutai huv Yeluxalee hab swv fwjchim swv zug yuam kuas puab tseg tsw xob ua num lawm."},{"bible_id":"1216","chapter_code":"EZR.4","verse_code":"EZR.4.24","label":"24","content":"Tes puab txhad tseg tsw ua Vaajtswv lub tuam tsev kws nyob huv Yeluxalee. Puab tseg tsw ua moog txug xyoo ob kws Ntali\u2011a ua vaajntxwv kaav Pawxia tebchaws."},{"bible_id":"1216","chapter_code":"EZR.5","verse_code":"EZR.5.1","label":"1","content":"Hakai hab Intau tug tub Xekhaliya kws yog xwbfwb cev lug tau tuav Vaajtswv kws kaav cov Yixayee lub npe cev lug rua cov Yutai kws nyob huv Yuta hab huv Yeluxalee."},{"bible_id":"1216","chapter_code":"EZR.5","verse_code":"EZR.5.2","label":"2","content":"Tes Se\u2011athi\u2011ee tug tub Xelunpanpee hab Yauxanta tug tub Yesua txhad sawv tseeg rov ua Vaajtswv lub tuam tsev huv Yeluxalee dua tshab. Hab cov xwbfwb cev Vaajtswv lug kuj paab ob tug."},{"bible_id":"1216","chapter_code":"EZR.5","verse_code":"EZR.5.3","label":"3","content":"Thaus ntawd Thathenai kws yog tug tswv xeev saab dej Yufeti nub poob hab Setha\u2011Npauxenai hab cov kws koom nrug ob tug tuaj has rua cov Yutai tas, \u201cLeejtwg tso cai rua mej ua lub tuam tsev nuav hab tswm khu kuas tav?\u201d"},{"bible_id":"1216","chapter_code":"EZR.5","verse_code":"EZR.5.4","label":"4","content":"Hab puab kuj nug has tas, \u201cCov kws saamswm ua lub tuam tsev nuav le npe hu le caag?\u201d"},{"bible_id":"1216","chapter_code":"EZR.5","verse_code":"EZR.5.5","label":"5","content":"Tassws puab tug Vaajtswv lub qhov muag saib ntsoov Yutai cov kev txwj quas laug, mas luas txhad taav tsw tau puab moog txug thaus luas qha zaaj nuav rua Ntali\u2011a paub hab muaj lug teb huv ntawv txug zaaj nuav rov tuaj."},{"bible_id":"1216","chapter_code":"EZR.5","verse_code":"EZR.5.6","label":"6","content":"Nuav yog tej lug huv ntawv kws Thathenai kws yog tug tswv xeev saab dej Yufeti nub poob hab Setha\u2011Npauxenai hab cov kws koom nrug ob tug kws yog cov thawj kws kaav tej moos huv lub xeev saab dej Yufeti nub poob xaa moog rua vaajntxwv Ntali\u2011a."},{"bible_id":"1216","chapter_code":"EZR.5","verse_code":"EZR.5.7","label":"7","content":"Puab xaa tsaab ntawv moog rua nwg has le nuav tas, \u201cThov kuas vaajntxwv Ntali\u2011a noj qaab nyob zoo."},{"bible_id":"1216","chapter_code":"EZR.5","verse_code":"EZR.5.8","label":"8","content":"Thov has rua vaajntxwv paub tas peb tau moog rua huv lub xeev Yuta, hab moog rua ntawm Vaajtswv kws luj kawg lub tuam tsev, kws saamswm muab tej txhwb zeb lug tswm khu hab muab ntoo lug ntsa rua tej phaab ntsaa. Puab rau sab ntso ua num hab puab txhais teg ua tau sai."},{"bible_id":"1216","chapter_code":"EZR.5","verse_code":"EZR.5.9","label":"9","content":"Peb nug cov kev txwj quas laug hov tas, \u2018Leejtwg tso cai rua mej ua lub tuam tsev nuav hab tswm khu kuas tav?\u2019"},{"bible_id":"1216","chapter_code":"EZR.5","verse_code":"EZR.5.10","label":"10","content":"Hab peb kuj nug puab tej npe lawm txhad qha tau rua koj paub, peb txhad sau puab cov kws ua thawj tej npe ca."},{"bible_id":"1216","chapter_code":"EZR.5","verse_code":"EZR.5.11","label":"11","content":"\u201cNuav yog tej lug kws puab teb peb, \u2018Peb yog Vaajtswv kws kaav sau ntuj hab nplajteb le tub qhe. Peb saamswm ua lub tuam tsev kws ua tau ntau xyoo lawd dua tshab, yog cov Yixayee tug vaajntxwv kws luj kawg ua hab ua kuas tav."},{"bible_id":"1216","chapter_code":"EZR.5","verse_code":"EZR.5.12","label":"12","content":"Tassws vem peb tej laug ua rua Vaajtswv ntuj chim nwg txhad muab puab cob rua huv Npanpiloo tug vaajntxwv Nenpukhanexa kws yog tuabneeg Kheentia txhais teg, yog tug kws rhuav tshem lub tuam tsev nuav hab kuav cov pejxeem moog rua Npanpiloo tebchaws."},{"bible_id":"1216","chapter_code":"EZR.5","verse_code":"EZR.5.13","label":"13","content":"Txawm le ntawd los xyoo kws Xailab ua vaajntxwv kaav Npanpiloo, vaajntxwv Xailab tub tso cai kuas rov ua Vaajtswv lub tuam tsev nuav dua tshab."},{"bible_id":"1216","chapter_code":"EZR.5","verse_code":"EZR.5.14","label":"14","content":"Hab tej pestwj kws yog kub hab nyaj huv Vaajtswv lub tuam tsev, kws Nenpukhanexa tub rhu tawm huv lub tuam tsev kws nyob huv Yeluxalee hab coj moog ca rua huv lub tsev daab kws nyob huv Npanpiloo, mas vaajntxwv Xailab muab tej nuav rhu tawm huv lub tsev daab kws nyob huv Npanpiloo hab muab cob rua ib tug kws npe hu ua Senpaxa kws vaajntxwv muab tsaa ua tug kaav lub xeev."},{"bible_id":"1216","chapter_code":"EZR.5","verse_code":"EZR.5.15","label":"15","content":"Xailab has rua nwg tas, \u201cCa le coj tej pestwj nuav moog khaws ca rua lub tuam tsev huv Yeluxalee, hab ua Vaajtswv lub tuam tsev dua tshab rua huv qhov qub chaw.\u201d"},{"bible_id":"1216","chapter_code":"EZR.5","verse_code":"EZR.5.16","label":"16","content":"Mas tug Senpaxa nuav txhad tau lug hab ua tej taw tag Vaajtswv lub tuam tsev kws nyob huv Yeluxalee. Txwj thaus hov lug txug nwgnuav mas tseed saamswm ua xwb tsw tau tav.\u2019"},{"bible_id":"1216","chapter_code":"EZR.5","verse_code":"EZR.5.17","label":"17","content":"Vem le nuav, yog vaajntxwv pum zoo, mas ca tshawb nrhav tej ntawv keeb kwm huv Npanpiloo saib vaajntxwv Xailab puas tau tso cai kuas tswm khu Vaajtswv lub tuam tsev nuav huv Yeluxalee dua tshab. Thov vaajntxwv has rua peb paub tas vaajntxwv pum zoo le caag txug zaaj nuav.\u201d"},{"bible_id":"1216","chapter_code":"EZR.6","verse_code":"EZR.6.1","label":"1","content":"Tes vaajntxwv Ntali\u2011a txawm tso cai kuas tshawb nrhav huv lub tsev kws khaws tej ntawv keeb kwm huv lub nroog Npanpiloo."},{"bible_id":"1216","chapter_code":"EZR.6","verse_code":"EZR.6.2","label":"2","content":"Huv lub nroog Enpathana kws yog lub nroog luj huv lub xeev Mintia mas puab nrhav tau ib thooj ntawv kws muaj tej lug nuav sau ca has tas, \u201cTej lug tso cai."},{"bible_id":"1216","chapter_code":"EZR.6","verse_code":"EZR.6.3","label":"3","content":"\u201cThawj xyoo kws Xailab ua vaajntxwv, Xailab tso cai has tas, \u2018Has txug Vaajtswv lub tuam tsev huv Yeluxalee, mas ca puab tswm lub tuam tsev dua tshab, yog lub chaw kws puab xyeem hov txhua chaw hab coj tsaj tuaj ua kevcai hlawv xyeem. Yuav tsum ua lub tuam tsev sab rau caum tshwm daav rau caum tshwm."},{"bible_id":"1216","chapter_code":"EZR.6","verse_code":"EZR.6.4","label":"4","content":"Yuav tib txhwb zeb peb txheej le ua ib txheej ntoo, hab muab nyaj huv vaajntxwv lub txhaab lug them tej nqe hov."},{"bible_id":"1216","chapter_code":"EZR.6","verse_code":"EZR.6.5","label":"5","content":"Tej pestwj kws yog kub hab nyaj huv Vaajtswv lub tuam tsev kws Nenpukhanexa coj tawm huv lub tuam tsev huv Yeluxalee lug rua huv Npanpiloo lawd, mas muab thim coj rov qaab moog rua lub tuam tsev kws nyob huv Yeluxalee, hab muab txawb ca rua tej qub chaw. Mej yuav tsum muab khaws ca rua huv Vaajtswv lub tuam tsev.\u2019"},{"bible_id":"1216","chapter_code":"EZR.6","verse_code":"EZR.6.6","label":"6","content":"\u201cYog le nuav, Thathenai kws kaav lub xeev saab dej Yufeti nub poob hab Setha\u2011Npauxenai hab cov kws yog cov kaav tej moos huv lub xeev saab dej Yufeti nub poob kws koom nrug meb, mej ca le txaav deb."},{"bible_id":"1216","chapter_code":"EZR.6","verse_code":"EZR.6.7","label":"7","content":"Ca tej num kws ua Vaajtswv lub tuam tsev nuav ua moog. Ca cov Yutai tug thawj hab cov Yutai cov kev txwj quas laug ua Vaajtswv lub tuam tsev nuav dua tshab rua lub qub chaw."},{"bible_id":"1216","chapter_code":"EZR.6","verse_code":"EZR.6.8","label":"8","content":"Dua le ntawd kuv tso cai txug tej kws mej yuav tsum ua paab Yutai cov kev txwj quas laug ua Vaajtswv lub tuam tsev nuav dua tshab. Yuav them nqe ua tsev rua cov tuabneeg nuav kuas txwm nkaus tsw xob sej le. Yuav muab tej nyaj huv vaajntxwv lub txhaab kws sau se huv lub xeev saab dej Yufeti nub poob lug them."},{"bible_id":"1216","chapter_code":"EZR.6","verse_code":"EZR.6.9","label":"9","content":"Hab yog puab cheem tsum daabtsw, tsw has thaav txwv nyuj, txwv tshws lossws tej yaaj ua kevcai hlawv xyeem rua Vaajtswv Ntuj, hab mog, ntsev, cawv txwv maab lossws roj lawv le kws cov pov thawj huv Yeluxalee thov, mas naj nub pub rua puab tsw xob tu ncua,"},{"bible_id":"1216","chapter_code":"EZR.6","verse_code":"EZR.6.10","label":"10","content":"sub puab txhad le tau tsaj xyeem kuas hum Vaajtswv Ntuj lub sab hab puab thov Vaajtswv paab vaajntxwv hab nwg tej tub txujsa."},{"bible_id":"1216","chapter_code":"EZR.6","verse_code":"EZR.6.11","label":"11","content":"Hab kuv tso cai has tas yog leejtwg hloov tej kws tshaaj tawm nuav, kuj yuav rhu ib tug ntoo tawm huv nwg lub tsev hab muab nwg chob rua tug ntoo hov hab nwg lub tsev yuav ua ib pawg tshwj xuam."},{"bible_id":"1216","chapter_code":"EZR.6","verse_code":"EZR.6.12","label":"12","content":"Thov ca Vaajtswv kws ua rua nwg lub npe nyob hov ntawd rhuav tshem tug vaajntxwv twg lossws haiv tuabneeg twg kws cev teg hloov tej nqais has nuav lossws ua rua Vaajtswv lub tuam tsev huv Yeluxalee puam tsuaj. Kuv yog Ntali\u2011a tso txujcai le nuav. Mej yuav tsum rau sab ntso ua tej nuav.\u201d"},{"bible_id":"1216","chapter_code":"EZR.6","verse_code":"EZR.6.13","label":"13","content":"Thathenai kws kaav lub xeev saab dej Yufeti nub poob hab Setha\u2011Npauxenai hab cov kws koom nrug ob tug kuj rau sab ntso ua tej kws vaajntxwv Ntali\u2011a has."},{"bible_id":"1216","chapter_code":"EZR.6","verse_code":"EZR.6.14","label":"14","content":"Mas Yutai cov kev txwj quas laug kuj ua lub tuam tsev sai zuj zug, vem xwbfwb Hakai hab Xekhaliya kws yog Intau tug tub cev Vaajtswv lug rua puab. Puab txhad ua tau tav lawv le Yixayee tug Vaajtswv has kuas puab ua hab lawv le Pawxia tej vaajntxwv kws yog Xailab hab Ntali\u2011a hab Athaxawxi tso cai rua puab ua."},{"bible_id":"1216","chapter_code":"EZR.6","verse_code":"EZR.6.15","label":"15","content":"Lub tuam tsev nuav ua tav rua lub hli Antas nub xab peb rua xyoo rau kws Ntali\u2011a ua vaajntxwv kaav."},{"bible_id":"1216","chapter_code":"EZR.6","verse_code":"EZR.6.16","label":"16","content":"Mas cov Yixayee hab cov pov thawj hab cov Levi hab lwm tug kws raug kuav moog poob tebchaws rov lug, ua kevcai zoo sab xyiv faab xyeem pub lub tuam tsev nuav rua Vaajtswv."},{"bible_id":"1216","chapter_code":"EZR.6","verse_code":"EZR.6.17","label":"17","content":"Thaus puab ua kevcai xyeem pub lub tuam tsev nuav rua Vaajtswv puab xyeem ib puas tug txwv nyuj, ob puas tug txwv yaaj, plaub puas tug mivnyuas yaaj hab muab kaum ob tug txwv tshws lug ua kevcai xyeem daws cov Yixayee lub txem, lawv le cov Yixayee tej xeem."},{"bible_id":"1216","chapter_code":"EZR.6","verse_code":"EZR.6.18","label":"18","content":"Hab puab tu cov pov thawj nyob ua paab ua pawg hab tu cov Levi ua paab ua pawg ua koom rua Vaajtswv huv Yeluxalee lawv le kws sau ca rua huv Mauxe phoo ntawv."},{"bible_id":"1216","chapter_code":"EZR.6","verse_code":"EZR.6.19","label":"19","content":"Nub xab kaum plaub lub ib hlis cov kws poob tebchaws rov lug kuj ua kevcai Hlaa Dhau."},{"bible_id":"1216","chapter_code":"EZR.6","verse_code":"EZR.6.20","label":"20","content":"Cov pov thawj hab cov Levi tub ua kevcai tu puab tug kheej kuas dawb huv txhwj lawm, puab txhad tua tej mivnyuas yaaj ua kevcai Hlaa Dhau rua cov kws poob tebchaws rov lug suavdawg hab rua puab cov kwvtij kws ua pov thawj hab rua puab tug kheej."},{"bible_id":"1216","chapter_code":"EZR.6","verse_code":"EZR.6.21","label":"21","content":"Cov Yixayee kws poob tebchaws rov lug hab txhua tug kws koom nrug puab hab cais ntawm lwm haiv tuabneeg tej kev qas vuab tsuab es yuav pe hawm Yawmsaub kws yog cov Yixayee tug Vaajtswv kuj tau noj kevcai Hlaa Dhau."},{"bible_id":"1216","chapter_code":"EZR.6","verse_code":"EZR.6.22","label":"22","content":"Hab puab ua kevcai Noj Ncuav tsw Xyaw Keeb xyaa nub zoo sab xyiv faab, vem yog Yawmsaub ua rua puab zoo sab xyiv faab hab hloov Axilia tug vaajntxwv lub sab tig lug txhad paab puab tej num kws ua Vaajtswv lub tuam tsev kws yog Yixayee tug Vaajtswv."},{"bible_id":"1216","chapter_code":"EZR.7","verse_code":"EZR.7.1","label":"1","content":"Lug rua tom qaab nuav thaus Athaxawxi ua vaajntxwv kaav Pawxia tebchaws, mas muaj ib tug hu ua Exala. Nwg yog Xelaya le tub, Xelaya yog Axaliya tub, Axaliya yog Hikhiya tub,"},{"bible_id":"1216","chapter_code":"EZR.7","verse_code":"EZR.7.2","label":"2","content":"Hikhiya yog Salu tub, Salu yog Xantau tub, Xantau yog Ahithu tub,"},{"bible_id":"1216","chapter_code":"EZR.7","verse_code":"EZR.7.3","label":"3","content":"Ahithu yog Amaliya tub, Amaliya yog Axaliya tub, Axaliya yog Melayau tub,"},{"bible_id":"1216","chapter_code":"EZR.7","verse_code":"EZR.7.4","label":"4","content":"Melayau yog Xelahiya tub, Xelahiya yog Uxi tub, Uxi yog Npukhi tub,"},{"bible_id":"1216","chapter_code":"EZR.7","verse_code":"EZR.7.5","label":"5","content":"Npukhi yog Anpisuva tub, Anpisuva yog Fineha tub, Fineha yog Ele\u2011axa tub, Ele\u2011axa yog tug tuam pov thawj hlub Aloo tug tub."},{"bible_id":"1216","chapter_code":"EZR.7","verse_code":"EZR.7.6","label":"6","content":"Tug Exala nuav tawm huv Npanpiloo tebchaws lug. Nwg yog ib tug xwbfwb kws paub Mauxe txuj kevcai kws Yixayee tug Vaajtswv Yawmsaub pub rua puab. Hab vaajntxwv pub txhua yaam lawv le Exala thov vem yog nwg tug Vaajtswv Yawmsaub txhais teg roog rawv nwg."},{"bible_id":"1216","chapter_code":"EZR.7","verse_code":"EZR.7.7","label":"7","content":"Muaj cov Yixayee qee leej hab cov pov thawj hab cov Levi qee leej hab cov tub hu nkauj hab cov zuv tej rooj loog hab cov kws ua num huv lub tuam tsev kuj tau nrug nwg lug rua huv Yeluxalee rua xyoo xyaa kws Athaxawxi ua vaajntxwv."},{"bible_id":"1216","chapter_code":"EZR.7","verse_code":"EZR.7.8","label":"8","content":"Exala lug txug huv Yeluxalee rua lub tswb hlis rua xyoo xyaa kws vaajntxwv kaav."},{"bible_id":"1216","chapter_code":"EZR.7","verse_code":"EZR.7.9","label":"9","content":"Nub xab ib lub ib hlis nwg sawv kev tawm huv Npanpiloo tebchaws, mas nub xab ib lub tswb hlis nwg lug txug huv Yeluxalee, vem yog nwg tug Vaajtswv txhais teg zoo roog rawv nwg."},{"bible_id":"1216","chapter_code":"EZR.7","verse_code":"EZR.7.10","label":"10","content":"Exala yog tug rau sab ntso kawm Yawmsaub txuj kevcai hab ua lawv nraim, hab qha Yawmsaub tej kaab ke hab tej kevcai rua cov Yixayee."},{"bible_id":"1216","chapter_code":"EZR.7","verse_code":"EZR.7.11","label":"11","content":"Nuav yog tej lug huv tsaab ntawv kws vaajntxwv Athaxawxi muab rua tug pov thawj Exala, kws yog tug xwbfwb kawm paub txug Yawmsaub tej lug nkaw hab tej kaab ke kws muab rua cov Yixayee."},{"bible_id":"1216","chapter_code":"EZR.7","verse_code":"EZR.7.12","label":"12","content":"\u201cAthaxawxi kws yog tug tuam vaajntxwv sau rua tug pov thawj Exala kws yog xwbfwb paub Vaajtswv Ntuj txuj kevcai."},{"bible_id":"1216","chapter_code":"EZR.7","verse_code":"EZR.7.13","label":"13","content":"Nwgnuav kuv tso cai tas cov pejxeem Yixayee leejtwg lossws puab cov pov thawj hab cov Levi kws nyob huv kuv lub tebchaws leejtwg xaav moog rua Yeluxalee kuj nrug koj moog tau."},{"bible_id":"1216","chapter_code":"EZR.7","verse_code":"EZR.7.14","label":"14","content":"Tsua qhov vaajntxwv hab nwg xyaa tug tim xyoob khaiv koj moog tshuaj saib Yuta hab Yeluxalee txug qhov kws ua lawv le koj tug Vaajtswv txuj kevcai kws nyob huv koj txhais teg hov,"},{"bible_id":"1216","chapter_code":"EZR.7","verse_code":"EZR.7.15","label":"15","content":"hab coj tej nyaj tej kub kws vaajntxwv hab nwg cov tim xyoob zoo sab pub rua Yixayee tug Vaajtswv kws muaj chaw nyob huv Yeluxalee moog,"},{"bible_id":"1216","chapter_code":"EZR.7","verse_code":"EZR.7.16","label":"16","content":"hab coj tej nyaj tej kub huvsw kws koj sau tau huv lub xeev Npanpiloo hab tej kws cov pejxeem hab cov pov thawj zoo sab pub, yog tej kws puab zoo sab yeem lug yuav pub rua puab tug Vaajtswv lub tuam tsev kws nyob huv Yeluxalee."},{"bible_id":"1216","chapter_code":"EZR.7","verse_code":"EZR.7.17","label":"17","content":"Tej nyaj nuav koj yuav tsum rau sab ntso yuav tej txwv nyuj tej txwv yaaj hab tej mivnyuas yaaj hab tej kws ua kevcai xyeem qoob loos hab tej kws laub xyeem ua ke, mas koj yuav tsum muab tej nuav xyeem rua sau lub thaaj ntawm Vaajtswv lub tuam tsev huv Yeluxalee."},{"bible_id":"1216","chapter_code":"EZR.7","verse_code":"EZR.7.18","label":"18","content":"Tej nyaj tej kub kws tseed tshuav koj hab koj cov kwvtij pum zoo ua yaam twg kuj ua tau lawv le koj tug Vaajtswv lub sab nyam."},{"bible_id":"1216","chapter_code":"EZR.7","verse_code":"EZR.7.19","label":"19","content":"Tej pestwj kws muab cob rua koj swv ua num rua koj tug Vaajtswv lub tuam tsev, koj yuav tsum cob rua ntawm Yeluxalee tug Vaajtswv lub xubndag."},{"bible_id":"1216","chapter_code":"EZR.7","verse_code":"EZR.7.20","label":"20","content":"Yog cheem tsum yaam twg ntxwv rua koj tug Vaajtswv lub tuam tsev kws koj yuav tsum nrhav, ca le muab nyaj huv vaajntxwv lub txhaab moog yuav."},{"bible_id":"1216","chapter_code":"EZR.7","verse_code":"EZR.7.21","label":"21","content":"\u201cHab kuv kws yog vaajntxwv Athaxawxi tso cai moog rua txhua tug kws saib txhaab nyaj huv lub xeev saab dej Yufeti nub poob has tas yaam twg kws tug pov thawj Exala kws yog xwbfwb qha Vaajtswv Ntuj txuj kevcai thov ntawm mej, mej ca le ua tuab zoo pub rua nwg,"},{"bible_id":"1216","chapter_code":"EZR.7","verse_code":"EZR.7.22","label":"22","content":"txug le ib puas talaa nyaj hab ib puas khaula mog, ib puas npa cawv txwv maab hab ib puas npa roj,  hab ntsev mas pub tsw xob xaam tas npaum twg."},{"bible_id":"1216","chapter_code":"EZR.7","verse_code":"EZR.7.23","label":"23","content":"Yaam twg kws Vaajtswv Ntuj has lawd, kuj ua lawv le ntawd puv npo rua Vaajtswv Ntuj lub tuam tsev, sub Vaajtswv txujkev npau tawg txhad tsw tshwm rua vaajntxwv hab nwg tej tub lub tebchaws."},{"bible_id":"1216","chapter_code":"EZR.7","verse_code":"EZR.7.24","label":"24","content":"Kuv kuj qha rua mej tas tsw raug cai kws yuav sau se qoob loos se laag luam se laj teb ntawm cov pov thawj hab cov Levi hab cov tub hu nkauj hab cov kws zuv tej rooj loog hab cov tub teg tub taw kws ua num huv lub tuam tsev hab lwm tug kws ua num huv Vaajtswv lub tuam tsev nuav ib tug le."},{"bible_id":"1216","chapter_code":"EZR.7","verse_code":"EZR.7.25","label":"25","content":"\u201cExala, koj ca le swv koj tug Vaajtswv tug tswvyim kws nyob huv koj txhais teg tsaa cov num tswv hab cov kws tu plaub rua cov pejxeem suavdawg kws nyob huv lub xeev saab dej Yufeti nub poob, yog txhua tug kws paub koj tug Vaajtswv txuj kevcai. Cov kws tsw tau paub mej yuav tsum qha."},{"bible_id":"1216","chapter_code":"EZR.7","verse_code":"EZR.7.26","label":"26","content":"Yog leejtwg tsw noog koj tug Vaajtswv txuj kevcai hab vaajntxwv txuj kevcai, mas ca le txav txem nruj rua tug hov, yog txem tuag lossws ntab tawm tebchaws lossws txeeb hlo nwg cuab txhaj cuab taam lossws muab kaw kuj tau.\u201d"},{"bible_id":"1216","chapter_code":"EZR.7","verse_code":"EZR.7.27","label":"27","content":"Qhuas Yawmsaub kws yog peb tej laug tug Vaajtswv, yog tug kws muab tej kev txawj nuav rua huv vaajntxwv lub sab kuas nwg tswm khu Vaajtswv lub tuam tsev huv Yeluxalee kuas tau koob meej,"},{"bible_id":"1216","chapter_code":"EZR.7","verse_code":"EZR.7.28","label":"28","content":"hab ua rua vaajntxwv hab nwg cov tim xyoob hab nwg cov thawj kws muaj fwjchim luj suavdawg muab kuv saib hlub. Kuv txhad muaj sab tuab vem yog kuv tug Vaajtswv Yawmsaub txhais teg roog rawv kuv, kuv txhad sau tau Yixayee cov thawj nrug kuv moog."},{"bible_id":"1216","chapter_code":"EZR.8","verse_code":"EZR.8.1","label":"1","content":"Ntawm nuav moog yog cov kws ua thawj huv puab tej quas cum hab yog tej npe huv puab caaj ceg kws nrug kuv tawm huv Npanpiloo tebchaws moog rua thaus Athaxawxi ua vaajntxwv kaav."},{"bible_id":"1216","chapter_code":"EZR.8","verse_code":"EZR.8.2","label":"2","content":"Fineha caaj ceg yog Kawsoo, Ithama caaj ceg yog Taniyee, Tavi caaj ceg yog Hathu,"},{"bible_id":"1216","chapter_code":"EZR.8","verse_code":"EZR.8.3","label":"3","content":"puavleej yog Sekhaniya caaj ceg. Palau caaj ceg yog Xekhaliya hab cov txwvneej kws nce npe nrug nwg muaj 150 leej."},{"bible_id":"1216","chapter_code":"EZR.8","verse_code":"EZR.8.4","label":"4","content":"Pahamau\u2011a caaj ceg yog Eli\u2011ehaunai kws yog Xelahiya tug tub hab cov txwvneej kws nrug nwg muaj 200 leej."},{"bible_id":"1216","chapter_code":"EZR.8","verse_code":"EZR.8.5","label":"5","content":"Xathu caaj ceg yog Sekhaniya kws yog Yahaxi\u2011ee tug tub hab cov txwvneej kws nrug nwg muaj 300 leej."},{"bible_id":"1216","chapter_code":"EZR.8","verse_code":"EZR.8.6","label":"6","content":"Antee caaj ceg yog Enpe, kws yog Yaunathaa tug tub, hab cov txwvneej kws nrug nwg muaj 50 leej."},{"bible_id":"1216","chapter_code":"EZR.8","verse_code":"EZR.8.7","label":"7","content":"Elaa caaj ceg yog Yesaya, kws yog Athaliya tug tub, hab cov txwvneej kws nrug nwg muaj 70 leej."},{"bible_id":"1216","chapter_code":"EZR.8","verse_code":"EZR.8.8","label":"8","content":"Sefathiya caaj ceg yog Xenpantiya kws yog Mikha\u2011ee tug tub, hab cov txwvneej kws nrug nwg muaj 80 leej."},{"bible_id":"1216","chapter_code":"EZR.8","verse_code":"EZR.8.9","label":"9","content":"Yau\u2011a caaj ceg yog Aunpantiya kws yog Yehi\u2011ee tug tub, hab cov txwvneej kws nrug nwg muaj 218 leej."},{"bible_id":"1216","chapter_code":"EZR.8","verse_code":"EZR.8.10","label":"10","content":"Npani caaj ceg yog Selaumi kws yog Yauxifiya tug tub, hab cov txwvneej kws nrug nwg muaj 160 leej."},{"bible_id":"1216","chapter_code":"EZR.8","verse_code":"EZR.8.11","label":"11","content":"Npenpai caaj ceg yog Xekhaliya kws yog Npenpai tug tub, hab cov txwvneej kws nrug nwg muaj 28 leej."},{"bible_id":"1216","chapter_code":"EZR.8","verse_code":"EZR.8.12","label":"12","content":"Axaka caaj ceg yog Yauhanaa kws yog Hakhathaa tug tub, hab cov txwvneej kws nrug nwg muaj 110 leej."},{"bible_id":"1216","chapter_code":"EZR.8","verse_code":"EZR.8.13","label":"13","content":"Antaunikhaa caaj ceg cov kws tuaj tom qaab muaj cov npe le nuav, yog Elifele, Ye\u2011u\u2011ee hab Semaya hab cov txwvneej kws nrug puab muaj 60 leej."},{"bible_id":"1216","chapter_code":"EZR.8","verse_code":"EZR.8.14","label":"14","content":"Npivai caaj ceg yog Uthai hab Xakaw hab cov txwvneej kws nrug ob tug muaj 70 leej."},{"bible_id":"1216","chapter_code":"EZR.8","verse_code":"EZR.8.15","label":"15","content":"Kuv sau puab lug ua ke rua ntawm tug dej kws ndwg moog rua tug nam dej Ahava, peb tsuam chaw su hov ntawd peb nub. Thaus kuv tshuaj saib cov pejxeem hab cov pov thawj kuv pum tas tsw muaj cov Levi le."},{"bible_id":"1216","chapter_code":"EZR.8","verse_code":"EZR.8.16","label":"16","content":"Kuv txhad has kuas moog hu Eliyexaw, Ali\u2011ee, Semaya, Eenathaa, Yali, Eenathaa, Nathaa, Xekhaliya hab Mesulaa, nuav yog cov thawj hab hu Yauyali hab Eenathaa yog ob tug kws txawj ntse,"},{"bible_id":"1216","chapter_code":"EZR.8","verse_code":"EZR.8.17","label":"17","content":"hab kuv xaa puab moog cuag Intau kws yog tug thawj ntawm lub chaw hu ua Khaxifia. Kuv qha puab has rua Intau hab nwg cov kwvtij ntawm Khaxifia kws muaj feem ua tub teg tub taw ntawm lub tuam tsev, kuas xaa cov kws ua num huv peb tug Vaajtswv lub tuam tsev tuaj cuag peb."},{"bible_id":"1216","chapter_code":"EZR.8","verse_code":"EZR.8.18","label":"18","content":"Yog muaj peb tug Vaajtswv txhais teg kws zoo roog rawv peb, puab txhad tau coj ib tug kws xyuam xwm tuaj rua peb, yog Selenpiya, hab nwg cov tub hab nwg cov kwvtij huvsw 18 leej. Puab yog Mali caaj ceg, Mali yog Levi tug tub hab yog Yixayee tug xeeb ntxwv."},{"bible_id":"1216","chapter_code":"EZR.8","verse_code":"EZR.8.19","label":"19","content":"Hab Hasanpiya hab Yesaya kws yog Melali caaj ceg hab ob tug cov kwvtij hab cov tub huvsw muaj 20 leej."},{"bible_id":"1216","chapter_code":"EZR.8","verse_code":"EZR.8.20","label":"20","content":"Hab cov tub teg tub taw kws ua num ntawm lub tuam tsev lawv le Tavi hab nwg cov num tswv tau tu ca kuas paab cov Levi, muaj 220 leej, cov nuav muaj npe sau ca huvsw."},{"bible_id":"1216","chapter_code":"EZR.8","verse_code":"EZR.8.21","label":"21","content":"Mas kuv tshaaj tawm kuas yoo mov rua ntawm tug dej Ahava sub peb txhad tau txu peb tug kheej rua ntawm peb tug Vaajtswv hab thov nwg paab peb hab peb tej mivnyuas hab peb tej cuab txhaj cuab taam huvsw taug kev tso sab quas lug."},{"bible_id":"1216","chapter_code":"EZR.8","verse_code":"EZR.8.22","label":"22","content":"Kuv txaaj muag thov ib paab tub rog hab tej tub rog caij neeg ntawm vaajntxwv kuas tiv thaiv yeeb ncuab taug kev. Tsua qhov peb tub has rua vaajntxwv lawm tas, \u201cPeb tug Vaajtswv txhais teg roog rawv yuav ua zoo rua cov kws nrhav nwg, tassws nwg txujkev npau tawg kws muaj fwjchim luj yuav tawm tsaam txhua tug kws tso nwg tseg.\u201d"},{"bible_id":"1216","chapter_code":"EZR.8","verse_code":"EZR.8.23","label":"23","content":"Peb txhad le yoo mov hab taij thov peb tug Vaajtswv txug qhov nuav mas nwg noog peb lub suab taij thov."},{"bible_id":"1216","chapter_code":"EZR.8","verse_code":"EZR.8.24","label":"24","content":"Kuv xaiv tsaa cov pov thawj hlub kaum ob leeg, yog Selenpiya, Hasanpiya hab ob tug cov kwvtij kaum leej."},{"bible_id":"1216","chapter_code":"EZR.8","verse_code":"EZR.8.25","label":"25","content":"Hab kuv muab tej nyaj tej kub hab tej pestwj swv kws vaajntxwv hab nwg cov tim xyoob hab nwg cov thawj hab cov Yixayee suavdawg kws nyob ntawd tau pub xyeem ua peb tug Vaajtswv lub tuam tsev lug kiv rua puab."},{"bible_id":"1216","chapter_code":"EZR.8","verse_code":"EZR.8.26","label":"26","content":"Kuv kiv cob rua puab txhais teg rau pua tswb caug talaa nyaj  hab tej pestwj nyaj kws muaj nqes ib puas talaa hab kub ib puas talaa,"},{"bible_id":"1216","chapter_code":"EZR.8","verse_code":"EZR.8.27","label":"27","content":"hab neeg nkaum lub phaaj kub kws muaj nqes ib txheeb ntali  hab ob lub taig tseem tooj lab ci zoo nkauj kws muaj nqes npaum le kub."},{"bible_id":"1216","chapter_code":"EZR.8","verse_code":"EZR.8.28","label":"28","content":"Hab kuv has rua puab tas, \u201cMej suavdawg yog cov dawb huv rua Yawmsaub hab tej pestwj kuj dawb huv. Tej nyaj hab tej kub hov yog tej kws zoo sab muab xyeem pub rua Yawmsaub, kws yog mej tej laug tug Vaajtswv."},{"bible_id":"1216","chapter_code":"EZR.8","verse_code":"EZR.8.29","label":"29","content":"Yuav tsum ceev ca moog txug thaus kws mej muab kiv rua ntawm cov pov thawj hlub hab cov Levi hab cov thawj huv txhua cum Yixayee huv tej chaav tsev ntawm Yawmsaub lub tuam tsev huv Yeluxalee.\u201d"},{"bible_id":"1216","chapter_code":"EZR.8","verse_code":"EZR.8.30","label":"30","content":"Cov pov thawj hab cov Levi txhad txais tej nyaj hab tej kub kws kiv ntawd hab tej pestwj swv es coj moog rua ntawm Yeluxalee moog rua huv peb tug Vaajtswv lub tuam tsev."},{"bible_id":"1216","chapter_code":"EZR.8","verse_code":"EZR.8.31","label":"31","content":"Nub xab kaum ob lub ib hlis peb tawm ntawm tug dej Ahava yuav moog rua Yeluxalee. Mas peb tug Vaajtswv txhais teg roog rawv peb hab nwg cawm kuas peb dim tej yeeb ncuab txhais teg hab tej kws zuv ntawm tej ntog kev."},{"bible_id":"1216","chapter_code":"EZR.8","verse_code":"EZR.8.32","label":"32","content":"Peb lug txug Yeluxalee hab su peb nub hov ntawd."},{"bible_id":"1216","chapter_code":"EZR.8","verse_code":"EZR.8.33","label":"33","content":"Nub kws plaub muab tej nyaj tej kub hab tej pestwj lug kiv huv peb tug Vaajtswv lub tuam tsev cob rua tug pov thawj Melemau kws yog Uliyas tug tub txhais teg, hab cov kws nrug nwg nyob hov yog Fineha tug tub Ele\u2011axa, hab yog Yesua tug tub Yauxanpa hab Npinu\u2011i tug tub Nau\u2011antiya, ob tug yog cov Levi."},{"bible_id":"1216","chapter_code":"EZR.8","verse_code":"EZR.8.34","label":"34","content":"Puab kiv hab suav txhua yaam hab muab sau txhua yaam ca tas nyaav npaum le caag."},{"bible_id":"1216","chapter_code":"EZR.8","verse_code":"EZR.8.35","label":"35","content":"Nub hov cov kws raug nteg coj moog es rov lug, yog cov kws poob tebchaws rov lug, puab ua kevcai hlawv huvsw xyeem rua Yixayee tug Vaajtswv. Puab muab kaum ob tug txwv nyuj xyeem ua cov Yixayee suavdawg le feem, hab cuaj caug rau tug txwv yaaj, hab xyaa caum xyaa tug mivnyuas yaaj, hab puab kuj muab kaum ob tug txwv tshws ua kevcai xyeem daws txem. Cov nuav huvsw ua kevcai hlawv xyeem rua Yawmsaub."},{"bible_id":"1216","chapter_code":"EZR.8","verse_code":"EZR.8.36","label":"36","content":"Puab kuj muab tsaab ntawv kws muaj vaajntxwv tej lug nkaw rua cov thawj kws vaajntxwv tsaa kaav tebchaws hab rua cov kws kaav lub xeev saab dej Yufeti nub poob, mas cov num tswv txhad paab cov pejxeem hab paab Vaajtswv lub tuam tsev."},{"bible_id":"1216","chapter_code":"EZR.9","verse_code":"EZR.9.1","label":"1","content":"Thaus dhau tej num nuav lawm, cov thawj lug cuag kuv hab has tas, \u201cCov tuabneeg Yixayee hab cov pov thawj hab cov Levi tsw tau muab puab cais ntawm tej tuabneeg huv lwm lub tebchaws hab ntawm tej tuabneeg hov tej kev qas vuab tsuab, yog ntawm cov Khana\u2011aa, cov Hithai, cov Pelixai, cov Yenpu, cov Aamoo, cov Mau\u2011a, cov Iyi hab cov Amaulai."},{"bible_id":"1216","chapter_code":"EZR.9","verse_code":"EZR.9.2","label":"2","content":"Tsua qhov puab yuav tej tuabneeg hov tej ntxhais lug ua puab quaspuj hab ua puab tej tub quaspuj. Yog le nuav haiv tuabneeg kws dawb huv nuav txhad le txuam tsoov taag rua huv tej tebchaws hov cov tuabneeg. Qhov kws faav xeeb nuav, cov num tswv hab cov thawj txhais teg coj kev ua ntej.\u201d"},{"bible_id":"1216","chapter_code":"EZR.9","verse_code":"EZR.9.3","label":"3","content":"Thaus kuv nov le nuav kuv txhad dua rhe kuv lub tsho hab lub tsho ntev, hab dob kuv tej plaubhau hab tej fwj txwv, hab kuv nyob tsawg poob sab taag."},{"bible_id":"1216","chapter_code":"EZR.9","verse_code":"EZR.9.4","label":"4","content":"Tes txhua tug kws paub ntshai Yixayee tug Vaajtswv tej lug tuaj nyob vej kuv vem yog tim cov kws poob tebchaws rov qaab lug tej kev faav xeeb, mas kuv nyob tsawg poob sab taag moog txug lub swjhawm kws ua kevcai xyeem thaus yuav tsaus ntuj."},{"bible_id":"1216","chapter_code":"EZR.9","verse_code":"EZR.9.5","label":"5","content":"Lub swjhawm kws ua kevcai xyeem thaus yuav tsaus ntuj kuv sawv tseeg ntawm qhov kws yoo mov kws muab lub tsho hab lub tsho ntev dua taag, hab kuv txhus caug ndua tsaa teg rua Yawmsaub kws yog kuv tug Vaajtswv,"},{"bible_id":"1216","chapter_code":"EZR.9","verse_code":"EZR.9.6","label":"6","content":"hab has tas, \u201cAu kuv tug Vaajtswv, kuv poob ntsej muag hab txaaj muag tsaa lub plhu saib rua koj kws yog kuv tug Vaajtswv, tsua qhov peb tej kev txhum sab dhau peb lub taubhau hab peb lub txem nce moog nto sau ntuj."},{"bible_id":"1216","chapter_code":"EZR.9","verse_code":"EZR.9.7","label":"7","content":"Peb ua txhum muaj txem luj txwj thau peb tej laug lug txug naj nub nwgnuav. Vem peb ua txhum, mas peb hab peb tej vaajntxwv hab peb cov pov thawj txhad raug muab cob rua huv lwm tebchaws tej vaajntxwv txhais teg, hab cob rua nav ntaaj hab raug nteg raug lws hab poob ntsej muag kawg yaam le naj nub nwgnuav."},{"bible_id":"1216","chapter_code":"EZR.9","verse_code":"EZR.9.8","label":"8","content":"Tassws nwgnuav Yawmsaub kws yog peb tug Vaajtswv ua nwg txujkev hlub tshwm lug ib nyuas ntu, nwg txhad tseg peb ib txha tshuav nyob hab pub peb nyob ruaj huv nwg lub chaw dawb huv, sub Vaajtswv txhad ua rua peb qhov muag kaaj tuaj hab pub rua peb rov muaj zug mivntswv huv txujkev ua qhev tuaj."},{"bible_id":"1216","chapter_code":"EZR.9","verse_code":"EZR.9.9","label":"9","content":"Peb yeej raug ua qhev, tassws peb tug Vaajtswv tsw muab peb pov tseg rua huv txujkev ua qhev moog le. Nwg ua nwg txujkev hlub tshwm rua peb taab meeg Pawxia tej vaajntxwv, hab pub peb rov muaj zug tswm tsaa peb tug Vaajtswv lub tuam tsev hab khu tej kws pob taag hab pub muaj ntsaa loog tiv thaiv peb huv Yuta hab Yeluxalee."},{"bible_id":"1216","chapter_code":"EZR.9","verse_code":"EZR.9.10","label":"10","content":"\u201cAu peb tug Vaajtswv, dhau tej nuav lawm nwgnuav peb yuav has le caag? Vem yog peb tau tso koj tej lug nkaw tseg lawm,"},{"bible_id":"1216","chapter_code":"EZR.9","verse_code":"EZR.9.11","label":"11","content":"yog tej lug kws koj tau kuas koj cov tub qhe kws cev koj lug has tas, \u2018Lub tebchaws kws mej saamswm txeem moog ua mej tug hov yog lub tebchaws kws qas tsw huv vem tej kev qas puag tsuas kws cov tuabneeg huv lub tebchaws ua. Tej kev qas vuab tsuab kws puab ua puv nkaus saab nuav moog thoob plawg rua saab tim u ua rua lub tebchaws qas tsw huv lawm."},{"bible_id":"1216","chapter_code":"EZR.9","verse_code":"EZR.9.12","label":"12","content":"Yog le nuav mej tsw xob muab mej tej ntxhais qua rua puab tej tub, tsw xob yuav puab tej ntxhais rua mej tej tub, hab tsw xob nrug puab sws raug zoo hab txhawb puab vaam meej, sub mej txhad yuav muaj zug hab noj tej qoob loos zoo zoo huv lub tebchaws nuav hab muab lub tebchaws ua qub txeeg qub teg rua mej cov mivnyuas moog ib txhws.\u2019"},{"bible_id":"1216","chapter_code":"EZR.9","verse_code":"EZR.9.13","label":"13","content":"Txawm yog txhua yaam kws peb raug yog tim peb tej kev phem luj hab peb lub txem luj kawg los peb tug Vaajtswv tseed rau txem rua peb swb dua lub txem kws tswm nyog peb raug, hab tau pub peb ib cov tshuav nyob yaam le nuav."},{"bible_id":"1216","chapter_code":"EZR.9","verse_code":"EZR.9.14","label":"14","content":"Mas peb tseed yuav rhuav koj tej lug nkaw dua hab nrug cov tuabneeg kws ua tej kev qas vuab tsuab nuav sws yuav lov? Koj yuav tsw chim rua peb moog txug thaus koj ua rua peb puam tsuaj taag tsw tshuav ib tug nyob hab tsw muaj ib tug dim le lov?"},{"bible_id":"1216","chapter_code":"EZR.9","verse_code":"EZR.9.15","label":"15","content":"Au Yawmsaub kws yog cov Yixayee tug Vaajtswv, koj yog tug ncaaj nceeg. Peb ib co tshuav nyob hab dim lug txug naj nub nwgnuav. Saib maj, tsw muaj ib tug muaj txem kws nyob tau ntawm koj lub xubndag los peb tseed muaj txem nyob ntawm koj xubndag.\u201d"},{"bible_id":"1216","chapter_code":"EZR.10","verse_code":"EZR.10.1","label":"1","content":"Thaus Exala thov hab leeg lub txem quaj hab qaug rua ntawm Vaajtswv lub tuam tsev, muaj cov pejxeem coob coob tsw has quaspuj quasyawg hab mivnyuas tuaj huv cov Yixayee tuaj rua ntawm nwg. Puab kuj quaj mob sab kawg."},{"bible_id":"1216","chapter_code":"EZR.10","verse_code":"EZR.10.2","label":"2","content":"Mas Yehi\u2011ee tug tub Sekhaniya kws yog Elaa caaj ceg has rua Exala tas, \u201cPeb tau faav xeeb rua peb tug Vaajtswv lawm hab yuav lwm haiv tuabneeg huv lub tebchaws nuav tej ntxhais. Txawm yog muaj le nuav los nwgnuav cov Yixayee tseed muaj chaw vaam."},{"bible_id":"1216","chapter_code":"EZR.10","verse_code":"EZR.10.3","label":"3","content":"Vem le nuav ca peb cog lug rua peb tug Vaajtswv tas peb yuav nrauj tej quaspuj nuav huvsw hab tej mivnyuas kws puab yug, lawv le yawm hlub koj hab cov kws paub ntshai peb tug Vaajtswv tej lug nkaw taw qha. Ca ua lawv le txuj kevcai lauj."},{"bible_id":"1216","chapter_code":"EZR.10","verse_code":"EZR.10.4","label":"4","content":"Ca le sawv tseeg ua vem yog koj le num, peb nrug koj koom teg, ca le ua khov kho hab ua moog.\u201d"},{"bible_id":"1216","chapter_code":"EZR.10","verse_code":"EZR.10.5","label":"5","content":"Tes Exala txawm sawv tseeg hab kuas cov pov thawj hlub hab cov Levi hab cov Yixayee suavdawg cog lug twv tas puab yuav ua lawv le tau has tseg lawm. Puab txawm cog lug twv."},{"bible_id":"1216","chapter_code":"EZR.10","verse_code":"EZR.10.6","label":"6","content":"Tes Exala txawm txaav ntawm Vaajtswv lub tuam tsev moog rua huv Eliyasi tug tub Yehauhanaa chaav. Thaus nwg lug rua huv lawm, nwg tsw noj ncuav tsw haus dej tsua qhov nwg quaj txug qhov kws cov kws poob tebchaws rov lug hov faav xeeb."},{"bible_id":"1216","chapter_code":"EZR.10","verse_code":"EZR.10.7","label":"7","content":"Muaj lug tshaaj tawm moog thoob plawg Yuta hab Yeluxalee rua cov kws poob tebchaws rov lug suavdawg kuas tuaj txoos ua ke rua huv Yeluxalee."},{"bible_id":"1216","chapter_code":"EZR.10","verse_code":"EZR.10.8","label":"8","content":"Yog leejtwg tsw tuaj rua peb nub hov lawv le cov thawj hab cov kev txwj quas laug has mas yuav txeeb nwg cuab txhaj cuab taam huvsw hab tug hov yuav raug muab txav tawm huv cov kws poob tebchaws rov lug moog."},{"bible_id":"1216","chapter_code":"EZR.10","verse_code":"EZR.10.9","label":"9","content":"Yuta hab Npeeyamee cov txwvneej suavdawg tuaj txoos ua ke rua huv Yeluxalee rua peb nub ntawd, yog lub cuaj hlis nub tim neeg nkaum. Cov pejxeem suavdawg nyob tsawg rua huv lub tshaav puam huv Vaajtswv lub tuam tsev. Puab tshee quas nyo rua zaaj nuav hab qhov kws naag lug hlub heev."},{"bible_id":"1216","chapter_code":"EZR.10","verse_code":"EZR.10.10","label":"10","content":"Mas tug pov thawj Exala sawv tseeg has rua puab tas, \u201cMej tau faav xeeb hab yuav lwm haiv tuabneeg tej ntxhais ua quaspuj, mej txhad le tsaav cov Yixayee lub txem luj tuaj."},{"bible_id":"1216","chapter_code":"EZR.10","verse_code":"EZR.10.11","label":"11","content":"Nwgnuav mej ca le leeg txem rua Yawmsaub kws yog mej tej laug tug Vaajtswv hab ua lawv le nwg lub sab nyam. Ca le cais mej tawm huv lwm haiv tuabneeg huv lub tebchaws nuav hab tawm huv cov quaspuj kws yog lwm haiv tuabneeg.\u201d"},{"bible_id":"1216","chapter_code":"EZR.10","verse_code":"EZR.10.12","label":"12","content":"Ib tsoom pejxeem suavdawg teb suab nrov has tas, \u201cYog le koj has, peb yuav ua lawv le koj has ntaag."},{"bible_id":"1216","chapter_code":"EZR.10","verse_code":"EZR.10.13","label":"13","content":"Tassws cov pejxeem coob heev hab yog lub caij naag lug heev, peb nyob tsw taug ntawm tshaav puam nuav. Yuav tu kuas tav rua ib nub ob nub nuav tsw tau, vem peb tub ua txhum zaaj nuav ntau heev lawm."},{"bible_id":"1216","chapter_code":"EZR.10","verse_code":"EZR.10.14","label":"14","content":"Thov ca peb cov thawj nyob cov pejxeem chaw tu zaaj nuav, hab ca txhua tug kws nyob huv peb tej moos kws tau yuav lwm haiv tuabneeg ua quaspuj tuaj lawv le kws teem ca rua puab, hab cov kev txwj quas laug hab cov kws tu plaub huv txhua lub moos nrug puab tuaj ua ke moog txug thaus kws peb tug Vaajtswv txujkev npau tawg heev thim ntawm peb moog lawd.\u201d"},{"bible_id":"1216","chapter_code":"EZR.10","verse_code":"EZR.10.15","label":"15","content":"Tsuas yog Axahee tug tub Yaunathaa hab Thiva tug tub Yaxeya tawm tsaam zaaj nuav xwb, hab Mesulaa hab Sanpethai kws yog ib tug Levi tuaj ob tug tog."},{"bible_id":"1216","chapter_code":"EZR.10","verse_code":"EZR.10.16","label":"16","content":"Cov kws poob tebchaws rov lug kuj ua lawv le ntawd. Mas tug pov thawj Exala xaiv tsaa cov thawj huv txhua cum ib cum ib tug yog txhua tug kws tub has npe lawm. Mas nub xab ib lub kaum hli puab nyob tsawg tshuaj saib zaaj nuav,"},{"bible_id":"1216","chapter_code":"EZR.10","verse_code":"EZR.10.17","label":"17","content":"mas thaus txug nub xab ib lub ib hlis puab tshuaj saib txhua tug txwvneej kws yuav lwm haiv tuabneeg ua quaspuj lawd tav."},{"bible_id":"1216","chapter_code":"EZR.10","verse_code":"EZR.10.18","label":"18","content":"Cov pov thawj caaj ceg kws yuav lwm haiv tuabneeg muaj le nuav. Yauxanta tug tub Yesua caaj ceg hab nwg cov kwvtij yog Ma\u2011axeya, Eliyexaw, Yali hab Kentaliya."},{"bible_id":"1216","chapter_code":"EZR.10","verse_code":"EZR.10.19","label":"19","content":"Puab cog lug tas puab yuav nrauj puab tej quaspuj tseg hab puab muab ib tug txwv yaaj ua kevcai ntxuav puab kev txaug kev txhum."},{"bible_id":"1216","chapter_code":"EZR.10","verse_code":"EZR.10.20","label":"20","content":"Imaw caaj ceg yog Hanani hab Xenpantiya."},{"bible_id":"1216","chapter_code":"EZR.10","verse_code":"EZR.10.21","label":"21","content":"Halee caaj ceg yog Ma\u2011axeya, Eliya, Semaya, Yehi\u2011ee, hab Uxiya."},{"bible_id":"1216","chapter_code":"EZR.10","verse_code":"EZR.10.22","label":"22","content":"Pasaw caaj ceg yog Eli\u2011aunai, Ma\u2011axeya, Yisama\u2011ee, Nethanee, Yauxanpa hab Elaxa."},{"bible_id":"1216","chapter_code":"EZR.10","verse_code":"EZR.10.23","label":"23","content":"Cov Levi yog Yauxanpa, Sime\u2011i, Khelaya (kws yog Khelitha), Pethahiya, Yuta hab Eliyexaw."},{"bible_id":"1216","chapter_code":"EZR.10","verse_code":"EZR.10.24","label":"24","content":"Cov kws hu nkauj yog Eliyasi. Cov zuv tej rooj loog yog Salu, Thelee hab Uli."},{"bible_id":"1216","chapter_code":"EZR.10","verse_code":"EZR.10.25","label":"25","content":"Hab cov Yixayee mas Palau caaj ceg yog Lamiya, Ixiya, Makhiya, Miyamee Ele\u2011axa, Makhiya hab Npenaya."},{"bible_id":"1216","chapter_code":"EZR.10","verse_code":"EZR.10.26","label":"26","content":"Elaa caaj ceg yog Mathaniya, Xekhaliya, Yehi\u2011ee, Anti, Yelemau hab Eliya."},{"bible_id":"1216","chapter_code":"EZR.10","verse_code":"EZR.10.27","label":"27","content":"Xathu caaj ceg yog Eli\u2011aunai, Eliyasi, Mathaniya, Yelemau, Xanpa hab Axixa."},{"bible_id":"1216","chapter_code":"EZR.10","verse_code":"EZR.10.28","label":"28","content":"Npenpai caaj ceg yog Yehauhanaa, Hananiya, Xanpai hab Athalai."},{"bible_id":"1216","chapter_code":"EZR.10","verse_code":"EZR.10.29","label":"29","content":"Npani caaj ceg yog Mesulaa, Malu, Antaya, Yasu, Se\u2011aa hab Yelemau."},{"bible_id":"1216","chapter_code":"EZR.10","verse_code":"EZR.10.30","label":"30","content":"Paha Mau\u2011a caaj ceg yog Ana, Khela, Npenaya, Ma\u2011axeya, Mathaniya, Npexalee, Npinu\u2011i hab Manaxe."},{"bible_id":"1216","chapter_code":"EZR.10","verse_code":"EZR.10.31","label":"31","content":"Halee caaj ceg yog Eliyexaw, Isiya, Makhiya, Semaya, Sime\u2011oo,"},{"bible_id":"1216","chapter_code":"EZR.10","verse_code":"EZR.10.32","label":"32","content":"Npeeyamee, Malu hab Semaliya."},{"bible_id":"1216","chapter_code":"EZR.10","verse_code":"EZR.10.33","label":"33","content":"Hasu caaj ceg yog Mathenai, Mathatha, Xanpa, Elifele, Yelemai, Manaxe hab Sime\u2011i."},{"bible_id":"1216","chapter_code":"EZR.10","verse_code":"EZR.10.34","label":"34","content":"Npani caaj ceg yog Ma\u2011antai, Alaav, U\u2011ee,"},{"bible_id":"1216","chapter_code":"EZR.10","verse_code":"EZR.10.35","label":"35","content":"Npenaya, Npenteya, Kheluhi,"},{"bible_id":"1216","chapter_code":"EZR.10","verse_code":"EZR.10.36","label":"36","content":"Vaniya, Melemau, Eliyasi,"},{"bible_id":"1216","chapter_code":"EZR.10","verse_code":"EZR.10.37","label":"37","content":"Mathaniya, Mathenai hab Ya\u2011axu."},{"bible_id":"1216","chapter_code":"EZR.10","verse_code":"EZR.10.38","label":"38","content":"Npinu\u2011i caaj ceg yog Sime\u2011i,"},{"bible_id":"1216","chapter_code":"EZR.10","verse_code":"EZR.10.39","label":"39","content":"Selemiya, Nathaa, Antaya,"},{"bible_id":"1216","chapter_code":"EZR.10","verse_code":"EZR.10.40","label":"40","content":"Manantenpai, Sasai, Salai,"},{"bible_id":"1216","chapter_code":"EZR.10","verse_code":"EZR.10.41","label":"41","content":"Axalee, Selemiya, Semaliya,"},{"bible_id":"1216","chapter_code":"EZR.10","verse_code":"EZR.10.42","label":"42","content":"Salu, Amaliya hab Yauxej."},{"bible_id":"1216","chapter_code":"EZR.10","verse_code":"EZR.10.43","label":"43","content":"Nenpau caaj ceg yog Ye\u2011i\u2011ee, Mathithiya, Xanpa, Xenpina, Yantai, Yau\u2011ee hab Npenaya."},{"bible_id":"1216","chapter_code":"EZR.10","verse_code":"EZR.10.44","label":"44","content":"Cov tuabneeg nuav suavdawg yuav lwm haiv tuabneeg le ntxhais ua quaspuj, mas puab muab tej quaspuj mivnyuas hov nrauj huvsw."}]