[{"bible_id":"1269","chapter_code":"EZR.1","verse_code":"EZR.1.1","label":"1","content":"Thawj xyoo uas vajntxwv Xailab kav Pawxia tebchaws, mas Yawmsaub tshoov Pawxia tus vajntxwv Xailab lub siab, xwv thiaj ua kom tiav raws li tej lus uas Yawmsaub kom Yelemi lub qhov ncauj hais, Xailab thiaj tshaj tawm thoob plaws nws lub tebchaws thiab muab sau cia hais tias,"},{"bible_id":"1269","chapter_code":"EZR.1","verse_code":"EZR.1.2","label":"2","content":"\u201cPawxia tus vajntxwv Xailab hais li no. Yawmsaub uas yog Vajtswv ntuj tau pub ib tsoom tebchaws huvsi hauv lub ntiajteb rau kuv, thiab nws hais kom kuv ua lub tuam tsev rau nws rau hauv lub nroog Yeluxalees uas nyob hauv Yuda tebchaws."},{"bible_id":"1269","chapter_code":"EZR.1","verse_code":"EZR.1.3","label":"3","content":"Nej cov muaj leejtwg yog nws haiv neeg, thov nws tus Vajtswv nrog nraim tus ntawd nyob. Nws cia li rov mus rau Yeluxalees uas nyob hauv Yuda tebchaws thiab rov tsim kho Yawmsaub uas yog cov Yixayee tus Vajtswv lub tuam tsev dua tshiab, Yawmsaub yog tus Vajtswv uas nyob hauv Yeluxalees."},{"bible_id":"1269","chapter_code":"EZR.1","verse_code":"EZR.1.4","label":"4","content":"Thiab txhua tus uas tshuav nyob tsis hais nyob rau qhovtwg los cia cov neeg uas lawv nrog nyob ntawd pab nyiaj thiab kub thiab qhov txhia chaw thiab tsiaj txhu, muab tshaj tej uas zoo siab pub xyeem rau Vajtswv lub tuam tsev uas nyob hauv Yeluxalee.\u201d"},{"bible_id":"1269","chapter_code":"EZR.1","verse_code":"EZR.1.5","label":"5","content":"Ces xeem Yuda thiab xeem Npeeyamee cov thawj hauv txhua cum thiab cov pov thawj thiab cov Levi, yog txhua tus uas Vajtswv tus Ntsuj Plig tau tshoov lub siab, thiaj npaj yuav mus ua Yawmsaub lub tuam tsev rau hauv Yeluxalees dua tshiab."},{"bible_id":"1269","chapter_code":"EZR.1","verse_code":"EZR.1.6","label":"6","content":"Mas txhua tus uas nrog lawv nyob ua ke pab tej twj siv nyiaj thiab kub thiab qhov txhia chaw thiab tsiaj txhu thiab tej yam muaj nqes, tshaj tej uas zoo siab muab xyeem pub."},{"bible_id":"1269","chapter_code":"EZR.1","verse_code":"EZR.1.7","label":"7","content":"Tej twj siv hauv Yawmsaub lub tuam tsev uas Nenpukhanexa twb coj hauv Yeluxalees mus cia rau hauv nws lub tsev uas teev dab, mas vajntxwv Xailab muab rho tawm los."},{"bible_id":"1269","chapter_code":"EZR.1","verse_code":"EZR.1.8","label":"8","content":"Pawxia tus vajntxwv muab tej ntawd rho los cob rau Mileda uas yog tus ceev nyiaj, mas Mileda thiaj muab suav rau Senpaxa uas yog Yuda ib tug thawj."},{"bible_id":"1269","chapter_code":"EZR.1","verse_code":"EZR.1.9","label":"9","content":"Tej ntawd muaj npaum li no. Peb caug lub tais kub, ib txhiab lub tais nyiaj, nees nkaum cuaj lub phaj,"},{"bible_id":"1269","chapter_code":"EZR.1","verse_code":"EZR.1.10","label":"10","content":"peb caug lub phaj kub, plaub puas kaum lub phaj nyiaj thiab lwm yam tais phaj ib txhiab lub."},{"bible_id":"1269","chapter_code":"EZR.1","verse_code":"EZR.1.11","label":"11","content":"Tej twj taig uas muab kub muab nyiaj ua huvsi muaj tsib txhiab plaub puas lub. Tej no huvsi Senpaxa coj los rau thaum uas coj cov uas poob tebchaws hauv Npanpiloo rov los txog hauv Yeluxalees."},{"bible_id":"1269","chapter_code":"EZR.2","verse_code":"EZR.2.1","label":"1","content":"Ntawm no mus yog cov pejxeem hauv Yuda tebchaws uas vajntxwv Nenpukhanexa uas nyob hauv Npanpiloo tau ntes coj mus poob tebchaws rau Npanpiloo es tau rov qab los. Lawv rov qab los rau hauv Yeluxalees thiab Yuda, nyias rov los nyob rau nyias lub moos."},{"bible_id":"1269","chapter_code":"EZR.2","verse_code":"EZR.2.2","label":"2","content":"Lawv nrog Xelunpanpee, Yesua, Nehemi, Xelaya, Le\u2011elaya, Maudekhai, Npisas, Mipa, Npivai, Lehoo thiab Npa\u2011anas los ua ke. Cov pejxeem Yixayee muaj npaum li no."},{"bible_id":"1269","chapter_code":"EZR.2","verse_code":"EZR.2.3","label":"3","content":"Palau caj ces muaj 2,172 leeg."},{"bible_id":"1269","chapter_code":"EZR.2","verse_code":"EZR.2.4","label":"4","content":"Sefathiya caj ces muaj 372 leeg."},{"bible_id":"1269","chapter_code":"EZR.2","verse_code":"EZR.2.5","label":"5","content":"Asla caj ces muaj 775 leeg."},{"bible_id":"1269","chapter_code":"EZR.2","verse_code":"EZR.2.6","label":"6","content":"Paha Mau\u2011a caj ces uas yog Yesua thiab Yau\u2011a caj ces muaj 2,812 leeg."},{"bible_id":"1269","chapter_code":"EZR.2","verse_code":"EZR.2.7","label":"7","content":"Elas caj ces muaj 1,254 leeg."},{"bible_id":"1269","chapter_code":"EZR.2","verse_code":"EZR.2.8","label":"8","content":"Xathu caj ces muaj 945 leeg."},{"bible_id":"1269","chapter_code":"EZR.2","verse_code":"EZR.2.9","label":"9","content":"Xakhai caj ces muaj 760 leej."},{"bible_id":"1269","chapter_code":"EZR.2","verse_code":"EZR.2.10","label":"10","content":"Npani caj ces muaj 642 leeg."},{"bible_id":"1269","chapter_code":"EZR.2","verse_code":"EZR.2.11","label":"11","content":"Npenpai caj ces muaj 623 leeg."},{"bible_id":"1269","chapter_code":"EZR.2","verse_code":"EZR.2.12","label":"12","content":"Axaka caj ces muaj 1,222 leeg."},{"bible_id":"1269","chapter_code":"EZR.2","verse_code":"EZR.2.13","label":"13","content":"Adaunikhas caj ces muaj 666 leej."},{"bible_id":"1269","chapter_code":"EZR.2","verse_code":"EZR.2.14","label":"14","content":"Npivai caj ces muaj 2,056 leej."},{"bible_id":"1269","chapter_code":"EZR.2","verse_code":"EZR.2.15","label":"15","content":"Adee caj ces muaj 454 leeg."},{"bible_id":"1269","chapter_code":"EZR.2","verse_code":"EZR.2.16","label":"16","content":"Athaw caj ces uas yog Hexekhiya cum muaj 98 leej."},{"bible_id":"1269","chapter_code":"EZR.2","verse_code":"EZR.2.17","label":"17","content":"Npexai caj ces muaj 323 leeg."},{"bible_id":"1269","chapter_code":"EZR.2","verse_code":"EZR.2.18","label":"18","content":"Yaula caj ces muaj 112 leeg."},{"bible_id":"1269","chapter_code":"EZR.2","verse_code":"EZR.2.19","label":"19","content":"Hasu caj ces muaj 223 leeg."},{"bible_id":"1269","chapter_code":"EZR.2","verse_code":"EZR.2.20","label":"20","content":"Kinpa caj ces muaj 95 leeg."},{"bible_id":"1269","chapter_code":"EZR.2","verse_code":"EZR.2.21","label":"21","content":"Cov neeg Npelehee muaj 123 leeg."},{"bible_id":"1269","chapter_code":"EZR.2","verse_code":"EZR.2.22","label":"22","content":"Cov neeg Nethaufa muaj 56 leej."},{"bible_id":"1269","chapter_code":"EZR.2","verse_code":"EZR.2.23","label":"23","content":"Cov neeg Anathau muaj 128 leej."},{"bible_id":"1269","chapter_code":"EZR.2","verse_code":"EZR.2.24","label":"24","content":"Cov neeg Amave muaj 42 leeg."},{"bible_id":"1269","chapter_code":"EZR.2","verse_code":"EZR.2.25","label":"25","content":"Cov neeg Khiliya\u2011ali,  cov neeg Khefila thiab cov neeg Npe\u2011awlau muaj 743 leeg."},{"bible_id":"1269","chapter_code":"EZR.2","verse_code":"EZR.2.26","label":"26","content":"Cov neeg Lama thiab cov neeg Kenpa muaj 621 leeg."},{"bible_id":"1269","chapter_code":"EZR.2","verse_code":"EZR.2.27","label":"27","content":"Cov neeg Mima muaj 122 leeg."},{"bible_id":"1269","chapter_code":"EZR.2","verse_code":"EZR.2.28","label":"28","content":"Cov neeg Npe\u2011ee thiab cov neeg Ai muaj 223 leeg."},{"bible_id":"1269","chapter_code":"EZR.2","verse_code":"EZR.2.29","label":"29","content":"Cov neeg Nenpau muaj 52 leeg."},{"bible_id":"1269","chapter_code":"EZR.2","verse_code":"EZR.2.30","label":"30","content":"Cov neeg Manpi muaj 156 leej."},{"bible_id":"1269","chapter_code":"EZR.2","verse_code":"EZR.2.31","label":"31","content":"Muaj dua ib lub moos Elas cov neeg muaj 1,254 leeg."},{"bible_id":"1269","chapter_code":"EZR.2","verse_code":"EZR.2.32","label":"32","content":"Cov neeg Halee muaj 320 leej."},{"bible_id":"1269","chapter_code":"EZR.2","verse_code":"EZR.2.33","label":"33","content":"Cov neeg Lau, cov neeg Hadi thiab cov neeg Aunau muaj 725 leeg."},{"bible_id":"1269","chapter_code":"EZR.2","verse_code":"EZR.2.34","label":"34","content":"Cov neeg Yelikhau muaj 345 leeg."},{"bible_id":"1269","chapter_code":"EZR.2","verse_code":"EZR.2.35","label":"35","content":"Cov neeg Xena\u2011a muaj 3,630 leej."},{"bible_id":"1269","chapter_code":"EZR.2","verse_code":"EZR.2.36","label":"36","content":"Cov pov thawj muaj li no. Yedaya caj ces uas yog Yesua cum muaj 973 leeg."},{"bible_id":"1269","chapter_code":"EZR.2","verse_code":"EZR.2.37","label":"37","content":"Imaw caj ces muaj 1,052 leeg."},{"bible_id":"1269","chapter_code":"EZR.2","verse_code":"EZR.2.38","label":"38","content":"Pasaw caj ces muaj 1,247 leej."},{"bible_id":"1269","chapter_code":"EZR.2","verse_code":"EZR.2.39","label":"39","content":"Halee caj ces muaj 1,017 leej."},{"bible_id":"1269","chapter_code":"EZR.2","verse_code":"EZR.2.40","label":"40","content":"Cov Levi muaj li no. Yesua thiab Khami\u2011ee caj ces uas yog Haudaviya ob tug tub cum muaj 74 leeg."},{"bible_id":"1269","chapter_code":"EZR.2","verse_code":"EZR.2.41","label":"41","content":"Cov hu nkauj muaj li no. Axas caj ces muaj 128 leej."},{"bible_id":"1269","chapter_code":"EZR.2","verse_code":"EZR.2.42","label":"42","content":"Cov uas zov tej rooj loog caj ces yog li no. Salu caj ces, Athaw caj ces, Thamoo caj ces, Akhu caj ces, Hathitha caj ces thiab Saunpai caj ces huvsi muaj 139 leej."},{"bible_id":"1269","chapter_code":"EZR.2","verse_code":"EZR.2.43","label":"43","content":"Cov tub teg tub taws uas ua haujlwm hauv lub tuam tsev muaj li no. Xiha caj ces, Haxufa caj ces, Thanpa\u2011au caj ces,"},{"bible_id":"1269","chapter_code":"EZR.2","verse_code":"EZR.2.44","label":"44","content":"Khelau caj ces, Xi\u2011aha caj ces, Phadoo caj ces,"},{"bible_id":"1269","chapter_code":"EZR.2","verse_code":"EZR.2.45","label":"45","content":"Lenpana caj ces, Hakanpa caj ces, Akhu caj ces,"},{"bible_id":"1269","chapter_code":"EZR.2","verse_code":"EZR.2.46","label":"46","content":"Hakas caj ces, Salai caj ces, Hanas caj ces,"},{"bible_id":"1269","chapter_code":"EZR.2","verse_code":"EZR.2.47","label":"47","content":"Kidee caj ces, Kaha caj ces, Le\u2011aya caj ces,"},{"bible_id":"1269","chapter_code":"EZR.2","verse_code":"EZR.2.48","label":"48","content":"Lexi caj ces, Nekhauda caj ces, Kaxas caj ces,"},{"bible_id":"1269","chapter_code":"EZR.2","verse_code":"EZR.2.49","label":"49","content":"Uxa caj ces, Paxe\u2011a caj ces, Npexai caj ces,"},{"bible_id":"1269","chapter_code":"EZR.2","verse_code":"EZR.2.50","label":"50","content":"Axana caj ces, Me\u2011uni caj ces, Nefixi caj ces,"},{"bible_id":"1269","chapter_code":"EZR.2","verse_code":"EZR.2.51","label":"51","content":"Npanpu caj ces, Hakhufa caj ces, Hahu caj ces,"},{"bible_id":"1269","chapter_code":"EZR.2","verse_code":"EZR.2.52","label":"52","content":"Npaluj caj ces, Mehinta caj ces, Hasa caj ces,"},{"bible_id":"1269","chapter_code":"EZR.2","verse_code":"EZR.2.53","label":"53","content":"Npakau caj ces, Xixela caj ces, Thema caj ces,"},{"bible_id":"1269","chapter_code":"EZR.2","verse_code":"EZR.2.54","label":"54","content":"Nexiya caj ces thiab Hathifa caj ces."},{"bible_id":"1269","chapter_code":"EZR.2","verse_code":"EZR.2.55","label":"55","content":"Xalaumoo cov tub teg tub taws caj ces muaj li no, yog Xauthai caj ces, Haxaufele caj ces, Peluda caj ces,"},{"bible_id":"1269","chapter_code":"EZR.2","verse_code":"EZR.2.56","label":"56","content":"Ya\u2011ala caj ces, Dakhoo caj ces, Kidee caj ces,"},{"bible_id":"1269","chapter_code":"EZR.2","verse_code":"EZR.2.57","label":"57","content":"Sefathiya caj ces, Hathi caj ces, Paukhele Haxanpa\u2011i caj ces, Ami caj ces."},{"bible_id":"1269","chapter_code":"EZR.2","verse_code":"EZR.2.58","label":"58","content":"Cov tub teg tub taws uas ua haujlwm ntawm lub tuam tsev huvsi thiab Xalaumoo cov tub teg tub taws li caj ces huvsi muaj 392 leeg."},{"bible_id":"1269","chapter_code":"EZR.2","verse_code":"EZR.2.59","label":"59","content":"Cov no mus yog cov uas nyob ntawm Theemela, Theehasa, Khelu, Adas thiab Imaw tuaj tiamsis lawv paub tsis tseeb tias lawv caj ces thiab lawv keeb kwm yog neeg Yixayee los tsis yog."},{"bible_id":"1269","chapter_code":"EZR.2","verse_code":"EZR.2.60","label":"60","content":"Yog Delaya caj ces, Thaunpia caj ces thiab Nekhauda caj ces muaj 652 leeg."},{"bible_id":"1269","chapter_code":"EZR.2","verse_code":"EZR.2.61","label":"61","content":"Thiab cov pov thawj li caj ces muaj li no, yog Hanpaya caj ces, Hakhau caj ces thiab Npaxilai caj ces. (Npaxilai tus pojniam yog Npaxilai uas yog neeg Kile\u2011a tus ntxhais, nws thiaj tau lub npe hu li ntawd.)"},{"bible_id":"1269","chapter_code":"EZR.2","verse_code":"EZR.2.62","label":"62","content":"Cov neeg no nrhiav lawv lub npe hauv tej ntawv uas nce npe raws li keeb kwm tiamsis nrhiav tsis tau. Lawv thiaj raug suav ua cov neeg qias tsis huv thiab raug txiav tawm ua tsis tau pov thawj."},{"bible_id":"1269","chapter_code":"EZR.2","verse_code":"EZR.2.63","label":"63","content":"Tus tswv xeev hais kom lawv tsis txhob noj tej zaub mov uas dawb huv kawg nkaus mus txog thaum muaj ib tug pov thawj saib Uli thiab Thumi  tso."},{"bible_id":"1269","chapter_code":"EZR.2","verse_code":"EZR.2.64","label":"64","content":"Ib tsoom pejxeem huvsi muaj 42,360 leej,"},{"bible_id":"1269","chapter_code":"EZR.2","verse_code":"EZR.2.65","label":"65","content":"cov tub qhe nkauj qhev uas lawv tsis suav muaj 7,337 leej, thiab lawv muaj cov tub ntxhais uas hu nkauj 200 leej."},{"bible_id":"1269","chapter_code":"EZR.2","verse_code":"EZR.2.66","label":"66","content":"Lawv muaj nees 736 tus, muaj luj txwv 245 tus,"},{"bible_id":"1269","chapter_code":"EZR.2","verse_code":"EZR.2.67","label":"67","content":"muaj ntxhuav 435 tus, thiab nees luav 6,720 tus."},{"bible_id":"1269","chapter_code":"EZR.2","verse_code":"EZR.2.68","label":"68","content":"Thaum lawv los txog ntawm Yawmsaub lub tuam tsev uas nyob hauv Yeluxalees, cov thawj hauv tej cum muaj qee leej lawv zoo siab pub xyeem rau hauv Vajtswv lub tuam tsev es siv ua lub tuam tsev rau hauv qhov qub chaw."},{"bible_id":"1269","chapter_code":"EZR.2","verse_code":"EZR.2.69","label":"69","content":"Lawv xyeem raws li lawv muaj rau hauv lub txhab nyiaj, yog 61,000 dali kub,  5,000 mina nyiaj,  thiab 100 cev tsoos pov thawj."},{"bible_id":"1269","chapter_code":"EZR.2","verse_code":"EZR.2.70","label":"70","content":"Cov pov thawj, cov Levi thiab cov pejxeem ib txhia [nyob hauv Yeluxalees thiab ib ncig sab nraud]  thiab cov hu nkauj, cov zov tej rooj loog thiab cov tub teg tub taws uas ua haujlwm rau lub tuam tsev nyob hauv lawv tej moos, thiab cov Yixayee sawvdaws nyob hauv lawv tej moos."},{"bible_id":"1269","chapter_code":"EZR.3","verse_code":"EZR.3.1","label":"1","content":"Thaum txog lub xya hli cov Yixayee los nyob rau hauv lawv tej moos lawm, mas cov pejxeem sawvdaws tuaj txoos ua ke rau hauv Yeluxalees."},{"bible_id":"1269","chapter_code":"EZR.3","verse_code":"EZR.3.2","label":"2","content":"Ces Yauxada tus tub Yesua thiab nws cov kwvtij uas ua pov thawj, thiab Se\u2011athi\u2011ee tus tub Xelunpanpee thiab nws cov kwvtij, lawv sawvdaws nqes tes ua Yixayee tus Vajtswv lub thaj xwv thiaj tau ua kevcai hlawv xyeem rau saum raws li sau cia rau hauv Vajtswv tus neeg Mauxe txoj kevcai."},{"bible_id":"1269","chapter_code":"EZR.3","verse_code":"EZR.3.3","label":"3","content":"Lawv ua lub thaj rau saum lub qub chaw, vim yog lawv ntshai tej neeg uas nyob ib ncig, thiab lawv ua kevcai hlawv xyeem thaum tagkis thiab thaum yuav tsaus ntuj rau saum lub thaj ntawd rau Yawmsaub."},{"bible_id":"1269","chapter_code":"EZR.3","verse_code":"EZR.3.4","label":"4","content":"Lawv ua kevcai nyob tsev pheeb suab raws li uas sau cia lawd, thiab niaj hnub tua tsiaj ua kevcai hlawv xyeem npaum li uas hais cia rau hauv txoj kevcai uas niaj hnub yuav tsum ua."},{"bible_id":"1269","chapter_code":"EZR.3","verse_code":"EZR.3.5","label":"5","content":"Dhau ntawd lawv kuj xyeem tej uas niaj hnub ua kevcai hlawv xyeem mus li, thiab tej uas xyeem rau hnub hli xiab thiab xyeem rau txhua lub sijhawm uas Yawmsaub teem tseg, thiab lawv xyeem tej uas txhua tus zoo siab pub rau Yawmsaub."},{"bible_id":"1269","chapter_code":"EZR.3","verse_code":"EZR.3.6","label":"6","content":"Lawv pib ua kevcai hlawv xyeem rau Yawmsaub txij hnub xiab ib lub xya hli. Tiamsis lawv tsis tau tiag tej taw uas ua Yawmsaub lub tuam tsev."},{"bible_id":"1269","chapter_code":"EZR.3","verse_code":"EZR.3.7","label":"7","content":"Lawv muab nyiaj rau cov Kws txhwm zeb thiab cov Kws ntoo, thiab muab zaub mov thiab dej haus thiab roj rau cov neeg Xaidoo thiab Thailab kom lawv coj ntoo ciab hauv Lenpanoo mus txog ntawm hiavtxwv thiab xa mus txog lub moos Yaupa raws li Pawxia tus vajntxwv Xailab tso cai rau lawv lawd."},{"bible_id":"1269","chapter_code":"EZR.3","verse_code":"EZR.3.8","label":"8","content":"Thaum lawv rov los rau hauv Yeluxalees lawd mas xyoo uas ob lub ob hlis Se\u2011athi\u2011ee tus tub Xelunpanpee thiab Yauxada tus tub Yesua thiab ob tug cov kwvtij uas yog cov pov thawj thiab cov Levi, thiab txhua tus uas poob tebchaws es rov los rau hauv Yeluxalees, pib ua lub tuam tsev. Lawv tsa cov Levi uas hnub nyoog nees nkaum xyoo rov saud saib xyuas tej haujlwm ua Yawmsaub lub tuam tsev."},{"bible_id":"1269","chapter_code":"EZR.3","verse_code":"EZR.3.9","label":"9","content":"Yesua thiab nws cov tub thiab nws cov kwvtij thiab Khami\u2011ee thiab nws cov tub uas yog Haudaviya  caj ces, thiab Henada cov tub thiab lawv cov tub thiab lawv cov kwvtij uas yog cov Levi sib koom saib xyuas tej tub zog uas ua Vajtswv lub tuam tsev."},{"bible_id":"1269","chapter_code":"EZR.3","verse_code":"EZR.3.10","label":"10","content":"Thaum cov Kws ua tsev tiag tej taw rau Yawmsaub lub tuam tsev, mas cov pov thawj hnav tsoos meej mom tawm los tuav rawv raj xyu thiab cov Levi uas yog Axas caj ces tuav rawv nruas npuaj tooj liab tawm los qhuas Yawmsaub raws li cov Yixayee tus vajntxwv Davi tu tseg."},{"bible_id":"1269","chapter_code":"EZR.3","verse_code":"EZR.3.11","label":"11","content":"Mas lawv hu nkauj sib quas qhuas thiab ua Yawmsaub tsaug hais tias, \u201cNws yog tus zoo, nws txojkev hlub uas ruaj khov nyob mus ib txhis rau cov Yixayee.\u201d Cov pejxeem sawvdaws kuj tsa suab hu nrov nrov rau thaum lawv qhuas Yawmsaub rau qhov twb tiag Yawmsaub lub tuam tsev tej taw tiav lawm."},{"bible_id":"1269","chapter_code":"EZR.3","verse_code":"EZR.3.12","label":"12","content":"Tiamsis cov pov thawj thiab cov Levi uas ua thawj hauv tej cum, yog cov laus uas twb pom lub tuam tsev qub lawm mas thaum lawv pom luag tabtom ua tej taw tiag lub tuam tsev tshiab no lawv kuj quaj nrov heev, tiamsis tseem muaj ntau leej hu zoo siab xyiv fab."},{"bible_id":"1269","chapter_code":"EZR.3","verse_code":"EZR.3.13","label":"13","content":"Cov pejxeem thiaj tsis paub tias qhov twg yog suab zoo siab xyiv fab qhov twg yog suab quaj, vim yog cov pejxeem qw nrov heev thiab tej suab ntawd nrov mus deb kawg."},{"bible_id":"1269","chapter_code":"EZR.4","verse_code":"EZR.4.1","label":"1","content":"Thaum Yuda thiab Npeeyamee cov yeeb ncuab hnov tias cov uas poob tebchaws rov qab los tabtom ua lub tuam tsev rau Yawmsaub uas yog cov Yixayee tus Vajtswv,"},{"bible_id":"1269","chapter_code":"EZR.4","verse_code":"EZR.4.2","label":"2","content":"lawv txawm tuaj cuag Xelunpanpee thiab cov uas ua thawj hauv txhua cum thiab hais rau lawv tias, \u201cCia peb nrog nej ua thiab, rau qhov peb yeej pe hawm nej tus Vajtswv ib yam li nej, thiab txij thaum Axilia tus vajntxwv Exahadoo coj peb los nyob ntawm no peb twb xyeem tsiaj rau Vajtswv los li lawm.\u201d"},{"bible_id":"1269","chapter_code":"EZR.4","verse_code":"EZR.4.3","label":"3","content":"Tiamsis Xelunpanpee thiab Yesua thiab lwm tus uas ua thawj hauv Yixayee txhua cum hais rau lawv tias, \u201cNej tsis muaj feem nrog peb ua lub tuam tsev rau peb tus Vajtswv. Cia peb ua peb rau Yawmsaub uas yog cov Yixayee tus Vajtswv, raws li Pawxia tus vajntxwv Xailab hais cia rau peb lawd.\u201d"},{"bible_id":"1269","chapter_code":"EZR.4","verse_code":"EZR.4.4","label":"4","content":"Cov neeg uas nyob hauv lub tebchaws ntawd ua rau cov Yuda qaug zog thiab ua rau lawv ntshai qhov uas ua lub tuam tsev,"},{"bible_id":"1269","chapter_code":"EZR.4","verse_code":"EZR.4.5","label":"5","content":"thiab tseem ntiav neeg mus tshum khuam cheem kom ua tsis tau raws li cov Yuda npaj siab cia lawd mus tag Pawxia tus vajntxwv Xailab sim neej mus txog thaum Dali\u2011a ua vajntxwv kav Pawxia tebchaws."},{"bible_id":"1269","chapter_code":"EZR.4","verse_code":"EZR.4.6","label":"6","content":"Thaum Xawxi  pib ua vajntxwv kav, lawv tseem sau ntawv mus kom cov Yuda thiab cov hauv Yeluxalees."},{"bible_id":"1269","chapter_code":"EZR.4","verse_code":"EZR.4.7","label":"7","content":"Thaum Athaxawxi ua vajntxwv kav, mas Npilas thiab Mileda thiab Thanpe\u2011ee thiab lawv pab sawvdaws sau ntawv mus rau Athaxawxi uas ua vajntxwv kav Pawxia tebchaws. Tsab ntawv ntawd lawv sau npe ntawv Alas thiab hais ua lus Alas."},{"bible_id":"1269","chapter_code":"EZR.4","verse_code":"EZR.4.8","label":"8","content":"Lehoo uas ua thawj thiab Sisai uas yog tus tub sau ntawv sau tsab ntawv kom Yeluxalees xa mus rau vajntxwv Athaxawxi li no."},{"bible_id":"1269","chapter_code":"EZR.4","verse_code":"EZR.4.9","label":"9","content":"Ces Lehoo uas ua thawj thiab Sisai uas yog tus tub sau ntawv thiab lwm tus uas koom nrog ob tug, yog cov uas tu plaub, cov uas kav tej moos thiab cov nom tswv, lawv yog cov Pawxia thiab cov neeg Elej thiab cov Npanpiloo thiab cov neeg Xuxa uas yog neeg Elas,"},{"bible_id":"1269","chapter_code":"EZR.4","verse_code":"EZR.4.10","label":"10","content":"thiab lwm haiv neeg uas tus thawj Aunapa  uas muaj koob meej xa tuaj nyob hauv Xamali tej moos thiab lwm qhov hauv lub xeev uas nyob sab dej Yufeti hnub poob, lawv sawvdaws koom sau tsab ntawv no."},{"bible_id":"1269","chapter_code":"EZR.4","verse_code":"EZR.4.11","label":"11","content":"Tsab ntawv uas lawv sau ntawd hais li no: \u201cHwm txog vajntxwv Athaxawxi. Koj cov tub qhe uas yog cov neeg nyob sab dej Yufeti hnub poob xa lus noj qab nyob zoo txog koj."},{"bible_id":"1269","chapter_code":"EZR.4","verse_code":"EZR.4.12","label":"12","content":"Thov hais rau vajntxwv paub tias, cov Yudai uas los ntawm koj los txog peb tau mus rau hauv Yeluxalees. Lawv tabtom tsim lub nroog uas pheej fav xeeb thiab phem kawg ntawd dua tshiab. Lawv tabtom kho tej ntsa loog thiab tsim kho tej taw tiag."},{"bible_id":"1269","chapter_code":"EZR.4","verse_code":"EZR.4.13","label":"13","content":"Nimno thov vajntxwv paub hais tias, yog ua tau lub nroog no dua tshiab thiab ua tej ntsa loog tiav, lawv yuav tsis them se qoob loo se lag luam se liaj teb, ces vajntxwv tej nyiaj yuav tsawg zuj zus."},{"bible_id":"1269","chapter_code":"EZR.4","verse_code":"EZR.4.14","label":"14","content":"Vim peb tau noj koj li roj li ntsev mas tsis tsim nyog peb pom koj poob koob. Vim li no peb thiaj xa lus tuaj hais rau vajntxwv,"},{"bible_id":"1269","chapter_code":"EZR.4","verse_code":"EZR.4.15","label":"15","content":"thov koj tshawb nrhiav tau phau ntawv keeb kwm uas koj tej poj koob yawm txwv sau cia. Koj yuav pom hauv phau ntawv keeb kwm ntawd thiab paub tias lub nroog no yog lub nroog uas pheej fav xeeb thiab tsim kev kub ntxhov rau tej vajntxwv thiab rau tej xeev, thiab txij yav thaum ub los pheej muaj kev ntaus tswvyim fav xeeb tshwm los rau hauv. Vim li no lub nroog no thiaj raug muab tso tseg piam tag."},{"bible_id":"1269","chapter_code":"EZR.4","verse_code":"EZR.4.16","label":"16","content":"Peb thov qhia rau vajntxwv paub tias, yog tsim lub nroog no dua tshiab thiab ua tej ntsa loog tiav mas koj yuav tsis muaj feem ib yam dabtsi rau hauv lub xeev uas nyob sab ntug dej hnub poob.\u201d"},{"bible_id":"1269","chapter_code":"EZR.4","verse_code":"EZR.4.17","label":"17","content":"Vajntxwv xa ntawv teb mus hais tias, \u201cNyob zoo txog tus thawj Lehoo thiab Sisai uas yog tus tub sau ntawv thiab lwm tus uas koom nrog ob tug uas nyob hauv lub xeev Xamali thiab nyob lwm qhov hauv lub xeev sab dej Yufeti hnub poob."},{"bible_id":"1269","chapter_code":"EZR.4","verse_code":"EZR.4.18","label":"18","content":"Tsab ntawv uas nej xa tuaj rau peb, twb muab nyeem thiab txhais rau kuv mloog."},{"bible_id":"1269","chapter_code":"EZR.4","verse_code":"EZR.4.19","label":"19","content":"Thiab kuv twb hais kom mus tshawb nrhiav, mas thiaj pom tias lub nroog no txij thaum ub los pheej sawv tiv tej vajntxwv thiab muaj kev fav xeeb muaj kev tuav tswvyim phem tshwm hauv lub nroog no los."},{"bible_id":"1269","chapter_code":"EZR.4","verse_code":"EZR.4.20","label":"20","content":"Txeev muaj tej vajntxwv uas muaj hwjchim kav Yeluxalees. Lawv kav tag nrho lub xeev sab dej Yufeti hnub poob, thiab luag them se qoob loo se lag luam se liaj teb rau lawv."},{"bible_id":"1269","chapter_code":"EZR.4","verse_code":"EZR.4.21","label":"21","content":"Vim li no nej cia li hais kom cov neeg ntawd tseg tsis txhob ua haujlwm, thiab tsis txhob ua lub nroog no dua tshiab mus txog thaum kuv tso cai tso."},{"bible_id":"1269","chapter_code":"EZR.4","verse_code":"EZR.4.22","label":"22","content":"Nej cia li ceev faj tsis txhob muab qhov no sej cia. Ua cas nej yuav cia tej xwm txheej phem no nthuav loj zuj zus ua rau vajntxwv poob koob?\u201d"},{"bible_id":"1269","chapter_code":"EZR.4","verse_code":"EZR.4.23","label":"23","content":"Mas thaum nyeem vajntxwv Athaxawxi tsab ntawv rau Lehoo thiab Sisai uas ua tus tub sau ntawv thiab cov uas koom nrog ob tug mloog, ces lawv maj nroos mus cuag cov Yudai hauv Yeluxalees thiab siv hwjchim siv zog yuam kom lawv tseg tsis txhob ua haujlwm lawm."},{"bible_id":"1269","chapter_code":"EZR.4","verse_code":"EZR.4.24","label":"24","content":"Ces lawv thiaj tseg tsis ua Vajtswv lub tuam tsev uas nyob hauv Yeluxalees. Lawv tseg tsis ua mus txog xyoo ob uas Dali\u2011a ua vajntxwv kav Pawxia tebchaws."},{"bible_id":"1269","chapter_code":"EZR.5","verse_code":"EZR.5.1","label":"1","content":"Hakai thiab Idau tus tub Xekhaliya uas yog xibhwb cev lus tau tuav Vajtswv uas kav cov Yixayee lub npe cev lus rau cov Yudai uas nyob hauv Yuda thiab hauv Yeluxalees."},{"bible_id":"1269","chapter_code":"EZR.5","verse_code":"EZR.5.2","label":"2","content":"Ces Se\u2011athi\u2011ee tus tub Xelunpanpee thiab Yauxada tus tub Yesua thiaj sawv tsees rov ua Vajtswv lub tuam tsev hauv Yeluxalees dua tshiab. Thiab cov xibhwb cev Vajtswv lus kuj pab ob tug."},{"bible_id":"1269","chapter_code":"EZR.5","verse_code":"EZR.5.3","label":"3","content":"Thaum ntawd Thathenai uas yog tus tswv xeev sab dej Yufeti hnub poob thiab Setha\u2011Npauxenai thiab cov uas koom nrog ob tug tuaj hais rau cov Yudai tias, \u201cLeejtwg tso cai rau nej ua lub tuam tsev no thiab tsim kho kom tiav?\u201d"},{"bible_id":"1269","chapter_code":"EZR.5","verse_code":"EZR.5.4","label":"4","content":"Thiab lawv kuj nug hais tias, \u201cCov uas tabtom ua lub tuam tsev no li npe hu li cas?\u201d"},{"bible_id":"1269","chapter_code":"EZR.5","verse_code":"EZR.5.5","label":"5","content":"Tiamsis lawv tus Vajtswv lub qhov muag ntsia ntsoov Yudai cov kev txwj laus, mas luag thiaj tav tsis tau lawv mus txog thaum luag qhia zaj no rau Dali\u2011a paub thiab muaj lus teb hauv ntawv txog zaj no rov tuaj."},{"bible_id":"1269","chapter_code":"EZR.5","verse_code":"EZR.5.6","label":"6","content":"No yog tej lus hauv ntawv uas Thathenai uas yog tus tswv xeev sab dej Yufeti hnub poob thiab Setha\u2011Npauxenai thiab cov uas koom nrog ob tug uas yog cov thawj uas kav tej moos hauv lub xeev sab dej Yufeti hnub poob xa mus rau vajntxwv Dali\u2011a."},{"bible_id":"1269","chapter_code":"EZR.5","verse_code":"EZR.5.7","label":"7","content":"Lawv xa tsab ntawv mus rau nws hais li no tias, \u201cThov kom vajntxwv Dali\u2011a noj qab nyob zoo."},{"bible_id":"1269","chapter_code":"EZR.5","verse_code":"EZR.5.8","label":"8","content":"Thov hais rau vajntxwv paub tias peb tau mus rau hauv lub xeev Yuda, thiab mus rau ntawm Vajtswv uas loj kawg lub tuam tsev, uas tabtom muab tej txhib zeb los tsim kho thiab muab ntoo los ntsia rau tej phab ntsa. Lawv rau siab ntso ua haujlwm thiab lawv txhais tes ua tau sai."},{"bible_id":"1269","chapter_code":"EZR.5","verse_code":"EZR.5.9","label":"9","content":"Peb nug cov kev txwj laus ntawd tias, \u2018Leejtwg tso cai rau nej ua lub tuam tsev no thiab tsim kho kom tiav?\u2019"},{"bible_id":"1269","chapter_code":"EZR.5","verse_code":"EZR.5.10","label":"10","content":"Thiab peb kuj nug lawv tej npe lawm thiaj qhia tau rau koj paub, peb thiaj sau lawv cov uas ua thawj tej npe cia."},{"bible_id":"1269","chapter_code":"EZR.5","verse_code":"EZR.5.11","label":"11","content":"\u201cNo yog tej lus uas lawv teb peb, \u2018Peb yog Vajtswv uas kav saum ntuj thiab ntiajteb li tub qhe. Peb tabtom ua lub tuam tsev uas ua tau ntau xyoo lawd dua tshiab, yog cov Yixayee tus vajntxwv uas loj kawg ua thiab ua kom tiav."},{"bible_id":"1269","chapter_code":"EZR.5","verse_code":"EZR.5.12","label":"12","content":"Tiamsis vim peb tej poj koob yawm txwv ua rau Vajtswv ntuj chim nws thiaj muab lawv cob rau hauv Npanpiloo tus vajntxwv Nenpukhanexa uas yog neeg Kheedia txhais tes, yog tus uas rhuav tshem lub tuam tsev no thiab kuav cov pejxeem mus rau Npanpiloo tebchaws."},{"bible_id":"1269","chapter_code":"EZR.5","verse_code":"EZR.5.13","label":"13","content":"Txawm li ntawd los xyoo uas Xailab ua vajntxwv kav Npanpiloo, vajntxwv Xailab twb tso cai kom rov ua Vajtswv lub tuam tsev no dua tshiab."},{"bible_id":"1269","chapter_code":"EZR.5","verse_code":"EZR.5.14","label":"14","content":"Thiab tej twj siv uas yog kub thiab nyiaj hauv Vajtswv lub tuam tsev, uas Nenpukhanexa twb rho tawm hauv lub tuam tsev uas nyob hauv Yeluxalees thiab coj mus cia rau hauv lub tsev dab uas nyob hauv Npanpiloo, mas vajntxwv Xailab muab tej no rho tawm hauv lub tsev dab uas nyob hauv Npanpiloo thiab muab cob rau ib tug uas npe hu ua Senpaxa uas vajntxwv muab tsa ua tus kav lub xeev."},{"bible_id":"1269","chapter_code":"EZR.5","verse_code":"EZR.5.15","label":"15","content":"Xailab hais rau nws tias, \u201cCia li coj tej twj siv no mus khaws cia rau lub tuam tsev hauv Yeluxalees, thiab ua Vajtswv lub tuam tsev dua tshiab rau hauv qhov qub chaw.\u201d"},{"bible_id":"1269","chapter_code":"EZR.5","verse_code":"EZR.5.16","label":"16","content":"Mas tus Senpaxa no thiaj tau los thiab ua tej taw tiag Vajtswv lub tuam tsev uas nyob hauv Yeluxalees. Txij thaum ntawd los txog nimno mas tseem tabtom ua xwb tsis tau tiav.\u2019"},{"bible_id":"1269","chapter_code":"EZR.5","verse_code":"EZR.5.17","label":"17","content":"Vim li no, yog vajntxwv pom zoo, mas cia tshawb nrhiav tej ntawv keeb kwm hauv Npanpiloo saib vajntxwv Xailab puas tau tso cai kom tsim kho Vajtswv lub tuam tsev no hauv Yeluxalees dua tshiab. Thov vajntxwv hais rau peb paub tias vajntxwv pom zoo li cas txog zaj no.\u201d"},{"bible_id":"1269","chapter_code":"EZR.6","verse_code":"EZR.6.1","label":"1","content":"Ces vajntxwv Dali\u2011a txawm tso cai kom tshawb nrhiav hauv lub tsev uas khaws tej ntawv keeb kwm hauv lub nroog Npanpiloo."},{"bible_id":"1269","chapter_code":"EZR.6","verse_code":"EZR.6.2","label":"2","content":"Hauv lub nroog Enpathana uas yog lub nroog loj hauv lub xeev Midia mas lawv nrhiav tau ib thooj ntawv uas muaj tej lus no sau cia hais tias, \u201cTej lus tso cai."},{"bible_id":"1269","chapter_code":"EZR.6","verse_code":"EZR.6.3","label":"3","content":"\u201cThawj xyoo uas Xailab ua vajntxwv, Xailab tso cai hais tias, \u2018Hais txog Vajtswv lub tuam tsev hauv Yeluxalees, mas cia lawv tsim lub tuam tsev dua tshiab, yog lub chaw uas lawv xyeem qhov txhia chaw thiab coj tsiaj tuaj ua kevcai hlawv xyeem. Yuav tsum ua lub tuam tsev siab rau caum tshim dav rau caum tshim."},{"bible_id":"1269","chapter_code":"EZR.6","verse_code":"EZR.6.4","label":"4","content":"Yuav tib txhib zeb peb txheej li ua ib txheej ntoo, thiab muab nyiaj hauv vajntxwv lub txhab los them tej nqe ntawd."},{"bible_id":"1269","chapter_code":"EZR.6","verse_code":"EZR.6.5","label":"5","content":"Tej twj siv uas yog kub thiab nyiaj hauv Vajtswv lub tuam tsev uas Nenpukhanexa coj tawm hauv lub tuam tsev hauv Yeluxalees los rau hauv Npanpiloo lawd, mas muab thim coj rov qab mus rau lub tuam tsev uas nyob hauv Yeluxalees, thiab muab txawb cia rau tej qub chaw. Nej yuav tsum muab khaws cia rau hauv Vajtswv lub tuam tsev.\u2019"},{"bible_id":"1269","chapter_code":"EZR.6","verse_code":"EZR.6.6","label":"6","content":"\u201cYog li no, Thathenai uas kav lub xeev sab dej Yufeti hnub poob thiab Setha\u2011Npauxenai thiab cov uas yog cov kav tej moos hauv lub xeev sab dej Yufeti hnub poob uas koom nrog neb, nej cia li txav deb."},{"bible_id":"1269","chapter_code":"EZR.6","verse_code":"EZR.6.7","label":"7","content":"Cia tej haujlwm uas ua Vajtswv lub tuam tsev no ua mus. Cia cov Yudai tus thawj thiab cov Yudai cov kev txwj laus ua Vajtswv lub tuam tsev no dua tshiab rau lub qub chaw."},{"bible_id":"1269","chapter_code":"EZR.6","verse_code":"EZR.6.8","label":"8","content":"Dua li ntawd kuv tso cai txog tej uas nej yuav tsum ua pab Yudai cov kev txwj laus ua Vajtswv lub tuam tsev no dua tshiab. Yuav them nqe ua tsev rau cov neeg no kom txwm nkaus tsis txhob sej li. Yuav muab tej nyiaj hauv vajntxwv lub txhab uas sau se hauv lub xeev sab dej Yufeti hnub poob los them."},{"bible_id":"1269","chapter_code":"EZR.6","verse_code":"EZR.6.9","label":"9","content":"Thiab yog lawv cheem tsum dabtsi, tsis hais thav txiv nyuj, txiv tshis lossis tej yaj ua kevcai hlawv xyeem rau Vajtswv Ntuj, thiab mog, ntsev, cawv txiv hmab lossis roj raws li uas cov pov thawj hauv Yeluxalees thov, mas niaj hnub pub rau lawv tsis txhob tu ncua,"},{"bible_id":"1269","chapter_code":"EZR.6","verse_code":"EZR.6.10","label":"10","content":"xwv lawv thiaj li tau tsiaj xyeem kom hum Vajtswv Ntuj lub siab thiab lawv thov Vajtswv pab vajntxwv thiab nws tej tub txojsia."},{"bible_id":"1269","chapter_code":"EZR.6","verse_code":"EZR.6.11","label":"11","content":"Thiab kuv tso cai hais tias yog leejtwg hloov tej uas tshaj tawm no, kuj yuav rho ib tug ntoo tawm hauv nws lub tsev thiab muab nws chob rau tus ntoo ntawd thiab nws lub tsev yuav ua ib pawg tshwj xuam."},{"bible_id":"1269","chapter_code":"EZR.6","verse_code":"EZR.6.12","label":"12","content":"Thov cia Vajtswv uas ua rau nws lub npe nyob qhov ntawd rhuav tshem tus vajntxwv twg lossis haiv neeg twg uas cev tes hloov tej nqes hais no lossis ua rau Vajtswv lub tuam tsev hauv Yeluxalees puam tsuaj. Kuv yog Dali\u2011a tso txojcai li no. Nej yuav tsum rau siab ntso ua tej no.\u201d"},{"bible_id":"1269","chapter_code":"EZR.6","verse_code":"EZR.6.13","label":"13","content":"Thathenai uas kav lub xeev sab dej Yufeti hnub poob thiab Setha\u2011Npauxenai thiab cov uas koom nrog ob tug kuj rau siab ntso ua tej uas vajntxwv Dali\u2011a hais."},{"bible_id":"1269","chapter_code":"EZR.6","verse_code":"EZR.6.14","label":"14","content":"Mas Yudai cov kev txwj laus kuj ua lub tuam tsev sai zuj zus, vim xibhwb Hakai thiab Xekhaliya uas yog Idau tus tub cev Vajtswv lus rau lawv. Lawv thiaj ua tau tiav raws li Yixayee tus Vajtswv hais kom lawv ua thiab raws li Pawxia tej vajntxwv uas yog Xailab thiab Dali\u2011a thiab Athaxawxi tso cai rau lawv ua."},{"bible_id":"1269","chapter_code":"EZR.6","verse_code":"EZR.6.15","label":"15","content":"Lub tuam tsev no ua tiav rau lub hli Adas hnub xiab peb rau xyoo rau uas Dali\u2011a ua vajntxwv kav."},{"bible_id":"1269","chapter_code":"EZR.6","verse_code":"EZR.6.16","label":"16","content":"Mas cov Yixayee thiab cov pov thawj thiab cov Levi thiab lwm tus uas raug kuav mus poob tebchaws rov los, ua kevcai zoo siab xyiv fab xyeem pub lub tuam tsev no rau Vajtswv."},{"bible_id":"1269","chapter_code":"EZR.6","verse_code":"EZR.6.17","label":"17","content":"Thaum lawv ua kevcai xyeem pub lub tuam tsev no rau Vajtswv lawv xyeem ib puas tus txiv nyuj, ob puas tus txiv yaj, plaub puas tus menyuam yaj thiab muab kaum ob tug txiv tshis los ua kevcai xyeem daws cov Yixayee lub txim, raws li cov Yixayee tej xeem."},{"bible_id":"1269","chapter_code":"EZR.6","verse_code":"EZR.6.18","label":"18","content":"Thiab lawv tu cov pov thawj nyob ua pab ua pawg thiab tu cov Levi ua pab ua pawg ua koom tu Vajtswv hauv Yeluxalees raws li uas sau cia rau hauv Mauxe phau ntawv."},{"bible_id":"1269","chapter_code":"EZR.6","verse_code":"EZR.6.19","label":"19","content":"Hnub xiab kaum plaub lub ib hlis cov uas poob tebchaws rov los kuj ua kevcai Hla Dhau."},{"bible_id":"1269","chapter_code":"EZR.6","verse_code":"EZR.6.20","label":"20","content":"Cov pov thawj thiab cov Levi twb ua kevcai tu lawv tus kheej kom dawb huv txhij lawm, lawv thiaj tua tej menyuam yaj ua kevcai Hla Dhau rau cov uas poob tebchaws rov los sawvdaws thiab rau lawv cov kwvtij uas ua pov thawj thiab rau lawv tus kheej."},{"bible_id":"1269","chapter_code":"EZR.6","verse_code":"EZR.6.21","label":"21","content":"Cov Yixayee uas poob tebchaws rov los thiab txhua tus uas koom nrog lawv thiab cais ntawm lwm haiv neeg tej kev qias vuab tsuab es yuav pe hawm Yawmsaub uas yog cov Yixayee tus Vajtswv kuj tau noj kevcai Hla Dhau."},{"bible_id":"1269","chapter_code":"EZR.6","verse_code":"EZR.6.22","label":"22","content":"Thiab lawv ua kevcai Noj Ncuav tsis Xyaw Keeb xya hnub zoo siab xyiv fab, vim yog Yawmsaub ua rau lawv zoo siab xyiv fab thiab hloov Axilia tus vajntxwv lub siab tig los thiaj pab lawv tej haujlwm uas ua Vajtswv lub tuam tsev uas yog Yixayee tus Vajtswv."},{"bible_id":"1269","chapter_code":"EZR.7","verse_code":"EZR.7.1","label":"1","content":"Los rau tom qab no thaum Athaxawxi ua vajntxwv kav Pawxia tebchaws, mas muaj ib tug hu ua Exala. Nws yog Xelaya li tub, Xelaya yog Axaliya tub, Axaliya yog Hikhiya tub,"},{"bible_id":"1269","chapter_code":"EZR.7","verse_code":"EZR.7.2","label":"2","content":"Hikhiya yog Salu tub, Salu yog Xadau tub, Xadau yog Ahithu tub,"},{"bible_id":"1269","chapter_code":"EZR.7","verse_code":"EZR.7.3","label":"3","content":"Ahithu yog Amaliya tub, Amaliya yog Axaliya tub, Axaliya yog Melayau tub,"},{"bible_id":"1269","chapter_code":"EZR.7","verse_code":"EZR.7.4","label":"4","content":"Melayau yog Xelahiya tub, Xelahiya yog Uxi tub, Uxi yog Npukhi tub,"},{"bible_id":"1269","chapter_code":"EZR.7","verse_code":"EZR.7.5","label":"5","content":"Npukhi yog Anpisuva tub, Anpisuva yog Fineha tub, Fineha yog Ele\u2011axa tub, Ele\u2011axa yog tus tuam pov thawj hlob Aloo tus tub."},{"bible_id":"1269","chapter_code":"EZR.7","verse_code":"EZR.7.6","label":"6","content":"Tus Exala no tawm hauv Npanpiloo tebchaws los. Nws yog ib tug xibhwb uas paub Mauxe txoj kevcai uas Yixayee tus Vajtswv Yawmsaub pub rau lawv. Thiab vajntxwv pub txhua yam raws li Exala thov vim yog nws tus Vajtswv Yawmsaub txhais tes roos rawv nws."},{"bible_id":"1269","chapter_code":"EZR.7","verse_code":"EZR.7.7","label":"7","content":"Muaj cov Yixayee qee leej thiab cov pov thawj thiab cov Levi qee leej thiab cov tub hu nkauj thiab cov zov tej rooj loog thiab cov uas ua haujlwm hauv lub tuam tsev kuj tau nrog nws los rau hauv Yeluxalees rau xyoo xya uas Athaxawxi ua vajntxwv."},{"bible_id":"1269","chapter_code":"EZR.7","verse_code":"EZR.7.8","label":"8","content":"Exala los txog hauv Yeluxalees rau lub tsib hlis rau xyoo xya uas vajntxwv kav."},{"bible_id":"1269","chapter_code":"EZR.7","verse_code":"EZR.7.9","label":"9","content":"Hnub xiab ib lub ib hlis nws sawv kev tawm hauv Npanpiloo tebchaws, mas hnub xiab ib lub tsib hlis nws los txog hauv Yeluxalees, vim yog nws tus Vajtswv txhais tes zoo roos rawv nws."},{"bible_id":"1269","chapter_code":"EZR.7","verse_code":"EZR.7.10","label":"10","content":"Exala yog tus rau siab ntso kawm Yawmsaub txoj kevcai thiab ua raws nraim, thiab qhia Yawmsaub tej kab ke thiab tej kevcai rau cov Yixayee."},{"bible_id":"1269","chapter_code":"EZR.7","verse_code":"EZR.7.11","label":"11","content":"No yog tej lus hauv tsab ntawv uas vajntxwv Athaxawxi muab rau tus pov thawj Exala, uas yog tus xibhwb kawm paub txog Yawmsaub tej lus nkaw thiab tej kab ke uas muab rau cov Yixayee."},{"bible_id":"1269","chapter_code":"EZR.7","verse_code":"EZR.7.12","label":"12","content":"\u201cAthaxawxi uas yog tus tuam vajntxwv sau rau tus pov thawj Exala uas yog xibhwb paub Vajtswv Ntuj txoj kevcai."},{"bible_id":"1269","chapter_code":"EZR.7","verse_code":"EZR.7.13","label":"13","content":"Nimno kuv tso cai tias cov pejxeem Yixayee leejtwg lossis lawv cov pov thawj thiab cov Levi uas nyob hauv kuv lub tebchaws leejtwg xav mus rau Yeluxalees kuj nrog koj mus tau."},{"bible_id":"1269","chapter_code":"EZR.7","verse_code":"EZR.7.14","label":"14","content":"Rau qhov vajntxwv thiab nws xya tus tim xyoob txib koj mus tshuaj saib Yuda thiab Yeluxalees txog qhov uas ua raws li koj tus Vajtswv txoj kevcai uas nyob hauv koj txhais tes ntawd,"},{"bible_id":"1269","chapter_code":"EZR.7","verse_code":"EZR.7.15","label":"15","content":"thiab coj tej nyiaj tej kub uas vajntxwv thiab nws cov tim xyoob zoo siab pub rau Yixayee tus Vajtswv uas muaj chaw nyob hauv Yeluxalees mus,"},{"bible_id":"1269","chapter_code":"EZR.7","verse_code":"EZR.7.16","label":"16","content":"thiab coj tej nyiaj tej kub huvsi uas koj sau tau hauv lub xeev Npanpiloo thiab tej uas cov pejxeem thiab cov pov thawj zoo siab pub, yog tej uas lawv zoo siab yeem lus yuav pub rau lawv tus Vajtswv lub tuam tsev uas nyob hauv Yeluxalees."},{"bible_id":"1269","chapter_code":"EZR.7","verse_code":"EZR.7.17","label":"17","content":"Tej nyiaj no koj yuav tsum rau siab ntso yuav tej txiv nyuj tej txiv yaj thiab tej menyuam yaj thiab tej uas ua kevcai xyeem qoob loo thiab tej uas hliv xyeem ua ke, mas koj yuav tsum muab tej no xyeem rau saum lub thaj ntawm Vajtswv lub tuam tsev hauv Yeluxalees."},{"bible_id":"1269","chapter_code":"EZR.7","verse_code":"EZR.7.18","label":"18","content":"Tej nyiaj tej kub uas tseem tshuav koj thiab koj cov kwvtij pom zoo ua yam twg kuj ua tau raws li koj tus Vajtswv lub siab nyiam."},{"bible_id":"1269","chapter_code":"EZR.7","verse_code":"EZR.7.19","label":"19","content":"Tej twj siv uas muab cob rau koj siv ua haujlwm rau koj tus Vajtswv lub tuam tsev, koj yuav tsum cob rau ntawm Yeluxalees tus Vajtswv lub xubntiag."},{"bible_id":"1269","chapter_code":"EZR.7","verse_code":"EZR.7.20","label":"20","content":"Yog cheem tsum yam twg ntxiv rau koj tus Vajtswv lub tuam tsev uas koj yuav tsum nrhiav, cia li muab nyiaj hauv vajntxwv lub txhab mus yuav."},{"bible_id":"1269","chapter_code":"EZR.7","verse_code":"EZR.7.21","label":"21","content":"\u201cThiab kuv uas yog vajntxwv Athaxawxi tso cai mus rau txhua tus uas saib txhab nyiaj hauv lub xeev sab dej Yufeti hnub poob hais tias yam twg uas tus pov thawj Exala uas yog xibhwb qhia Vajtswv Ntuj txoj kevcai thov ntawm nej, nej cia li ua tib zoo pub rau nws,"},{"bible_id":"1269","chapter_code":"EZR.7","verse_code":"EZR.7.22","label":"22","content":"txog li ib puas tala nyiaj thiab ib puas khaula mog, ib puas npa cawv txiv hmab thiab ib puas npa roj,  thiab ntsev mas pub tsis txhob xam tias npaum twg."},{"bible_id":"1269","chapter_code":"EZR.7","verse_code":"EZR.7.23","label":"23","content":"Yam twg uas Vajtswv Ntuj hais lawd, kuj ua raws li ntawd puv npo rau Vajtswv Ntuj lub tuam tsev, xwv Vajtswv txojkev npau taws thiaj tsis tshwm rau vajntxwv thiab nws tej tub lub tebchaws."},{"bible_id":"1269","chapter_code":"EZR.7","verse_code":"EZR.7.24","label":"24","content":"Kuv kuj qhia rau nej tias tsis raug cai uas yuav sau se qoob loo se lag luam se liaj teb ntawm cov pov thawj thiab cov Levi thiab cov tub hu nkauj thiab cov uas zov tej rooj loog thiab cov tub teg tub taws uas ua haujlwm hauv lub tuam tsev thiab lwm tus uas ua haujlwm hauv Vajtswv lub tuam tsev no ib tug li."},{"bible_id":"1269","chapter_code":"EZR.7","verse_code":"EZR.7.25","label":"25","content":"\u201cExala, koj cia li siv koj tus Vajtswv lub tswvyim uas nyob hauv koj txhais tes tsa cov nom tswv thiab cov uas tu plaub rau cov pejxeem sawvdaws uas nyob hauv lub xeev sab dej Yufeti hnub poob, yog txhua tus uas paub koj tus Vajtswv txoj kevcai. Cov uas tsis tau paub nej yuav tsum qhia."},{"bible_id":"1269","chapter_code":"EZR.7","verse_code":"EZR.7.26","label":"26","content":"Yog leejtwg tsis mloog koj tus Vajtswv txoj kevcai thiab vajntxwv txoj kevcai, mas cia li txiav txim nruj rau tus ntawd, yog txim tuag lossis ntiab tawm tebchaws lossis txeeb kiag nws cuab txhiaj cuab tam lossis muab kaw kuj tau.\u201d"},{"bible_id":"1269","chapter_code":"EZR.7","verse_code":"EZR.7.27","label":"27","content":"Qhuas Yawmsaub uas yog peb tej poj koob yawm txwv tus Vajtswv, yog tus uas muab tej kev txawj no rau hauv vajntxwv lub siab kom nws tsim kho Vajtswv lub tuam tsev hauv Yeluxalees kom tau koob meej,"},{"bible_id":"1269","chapter_code":"EZR.7","verse_code":"EZR.7.28","label":"28","content":"thiab ua rau vajntxwv thiab nws cov tim xyoob thiab nws cov thawj uas muaj hwjchim loj sawvdaws muab kuv saib hlob. Kuv thiaj muaj siab tuab vim yog kuv tus Vajtswv Yawmsaub txhais tes roos rawv kuv, kuv thiaj sau tau Yixayee cov thawj nrog kuv mus."},{"bible_id":"1269","chapter_code":"EZR.8","verse_code":"EZR.8.1","label":"1","content":"Ntawm no mus yog cov uas ua thawj hauv lawv tej cum thiab yog tej npe hauv lawv caj ces uas nrog kuv tawm hauv Npanpiloo tebchaws mus rau thaum Athaxawxi ua vajntxwv kav."},{"bible_id":"1269","chapter_code":"EZR.8","verse_code":"EZR.8.2","label":"2","content":"Fineha caj ces yog Kawsoo, Ithama caj ces yog Daniyee, Davi caj ces yog Hathu,"},{"bible_id":"1269","chapter_code":"EZR.8","verse_code":"EZR.8.3","label":"3","content":"puavleej yog Sekhaniya caj ces. Palau caj ces yog Xekhaliya thiab cov txivneej uas nce npe nrog nws muaj 150 leej."},{"bible_id":"1269","chapter_code":"EZR.8","verse_code":"EZR.8.4","label":"4","content":"Pahamau\u2011a caj ces yog Eli\u2011ehaunai uas yog Xelahiya tus tub thiab cov txivneej uas nrog nws muaj 200 leej."},{"bible_id":"1269","chapter_code":"EZR.8","verse_code":"EZR.8.5","label":"5","content":"Xathu caj ces yog Sekhaniya uas yog Yahaxi\u2011ee tus tub thiab cov txivneej uas nrog nws muaj 300 leej."},{"bible_id":"1269","chapter_code":"EZR.8","verse_code":"EZR.8.6","label":"6","content":"Adee caj ces yog Enpe, uas yog Yaunathas tus tub, thiab cov txivneej uas nrog nws muaj 50 leej."},{"bible_id":"1269","chapter_code":"EZR.8","verse_code":"EZR.8.7","label":"7","content":"Elas caj ces yog Yesaya, uas yog Athaliya tus tub, thiab cov txivneej uas nrog nws muaj 70 leej."},{"bible_id":"1269","chapter_code":"EZR.8","verse_code":"EZR.8.8","label":"8","content":"Sefathiya caj ces yog Xenpadiya uas yog Mikha\u2011ee tus tub, thiab cov txivneej uas nrog nws muaj 80 leej."},{"bible_id":"1269","chapter_code":"EZR.8","verse_code":"EZR.8.9","label":"9","content":"Yau\u2011a caj ces yog Aunpadiya uas yog Yehi\u2011ee tus tub, thiab cov txivneej uas nrog nws muaj 218 leej."},{"bible_id":"1269","chapter_code":"EZR.8","verse_code":"EZR.8.10","label":"10","content":"Npani caj ces yog Selaumi uas yog Yauxifiya tus tub, thiab cov txivneej uas nrog nws muaj 160 leej."},{"bible_id":"1269","chapter_code":"EZR.8","verse_code":"EZR.8.11","label":"11","content":"Npenpai caj ces yog Xekhaliya uas yog Npenpai tus tub, thiab cov txivneej uas nrog nws muaj 28 leej."},{"bible_id":"1269","chapter_code":"EZR.8","verse_code":"EZR.8.12","label":"12","content":"Axaka caj ces yog Yauhanas uas yog Hakhathas tus tub, thiab cov txivneej uas nrog nws muaj 110 leej."},{"bible_id":"1269","chapter_code":"EZR.8","verse_code":"EZR.8.13","label":"13","content":"Adaunikhas caj ces cov uas tuaj tom qab muaj cov npe li no, yog Elifele, Ye\u2011u\u2011ee thiab Semaya thiab cov txivneej uas nrog lawv muaj 60 leej."},{"bible_id":"1269","chapter_code":"EZR.8","verse_code":"EZR.8.14","label":"14","content":"Npivai caj ces yog Uthai thiab Xakaw thiab cov txivneej uas nrog ob tug muaj 70 leej."},{"bible_id":"1269","chapter_code":"EZR.8","verse_code":"EZR.8.15","label":"15","content":"Kuv sau lawv los ua ke rau ntawm tus dej uas ntws mus rau tus niag dej Ahava, peb tsuam chaw so qhov ntawd peb hnub. Thaum kuv tshuaj saib cov pejxeem thiab cov pov thawj kuv pom tias tsis muaj cov Levi li."},{"bible_id":"1269","chapter_code":"EZR.8","verse_code":"EZR.8.16","label":"16","content":"Kuv thiaj hais kom mus hu Eliyexaw, Ali\u2011ee, Semaya, Eenathas, Yali, Eenathas, Nathas, Xekhaliya thiab Mesulas, no yog cov thawj thiab hu Yauyali thiab Eenathas yog ob tug uas txawj ntse,"},{"bible_id":"1269","chapter_code":"EZR.8","verse_code":"EZR.8.17","label":"17","content":"thiab kuv xa lawv mus cuag Idau uas yog tus thawj ntawm lub chaw hu ua Khaxifia. Kuv qhia lawv hais rau Idau thiab nws cov kwvtij ntawm Khaxifia uas muaj feem ua tub teg tub taws ntawm lub tuam tsev, kom xa cov uas ua haujlwm hauv peb tus Vajtswv lub tuam tsev tuaj cuag peb."},{"bible_id":"1269","chapter_code":"EZR.8","verse_code":"EZR.8.18","label":"18","content":"Yog muaj peb tus Vajtswv txhais tes uas zoo roos rawv peb, lawv thiaj tau coj ib tug uas xyuam xim tuaj rau peb, yog Selenpiya, thiab nws cov tub thiab nws cov kwvtij huvsi 18 leej. Lawv yog Mali caj ces, Mali yog Levi tus tub thiab yog Yixayee tus xeeb ntxwv."},{"bible_id":"1269","chapter_code":"EZR.8","verse_code":"EZR.8.19","label":"19","content":"Thiab Hasanpiya thiab Yesaya uas yog Melali caj ces thiab ob tug cov kwvtij thiab cov tub huvsi muaj 20 leej."},{"bible_id":"1269","chapter_code":"EZR.8","verse_code":"EZR.8.20","label":"20","content":"Thiab cov tub teg tub taws uas ua haujlwm ntawm lub tuam tsev raws li Davi thiab nws cov nom tswv tau tu cia kom pab cov Levi, muaj 220 leej, cov no muaj npe sau cia huvsi."},{"bible_id":"1269","chapter_code":"EZR.8","verse_code":"EZR.8.21","label":"21","content":"Mas kuv tshaj tawm kom yoo mov rau ntawm tus dej Ahava kom peb thiaj tau txo peb tus kheej rau ntawm peb tus Vajtswv thiab thov nws pab peb thiab peb tej menyuam thiab peb tej cuab txhiaj cuab tam huvsi taug kev tso siab lug."},{"bible_id":"1269","chapter_code":"EZR.8","verse_code":"EZR.8.22","label":"22","content":"Kuv txaj muag thov ib pab tub rog thiab tej tub rog caij nees ntawm vajntxwv kom tiv thaiv yeeb ncuab taug kev. Rau qhov peb twb hais rau vajntxwv lawm tias, \u201cPeb tus Vajtswv txhais tes roos rawv yuav ua zoo rau cov uas nrhiav nws, tiamsis nws txojkev npau taws uas muaj hwjchim loj yuav tawm tsam txhua tus uas tso nws tseg.\u201d"},{"bible_id":"1269","chapter_code":"EZR.8","verse_code":"EZR.8.23","label":"23","content":"Peb thiaj li yoo mov thiab taij thov peb tus Vajtswv txog qhov no mas nws mloog peb lub suab taij thov."},{"bible_id":"1269","chapter_code":"EZR.8","verse_code":"EZR.8.24","label":"24","content":"Kuv xaiv tsa cov pov thawj hlob kaum ob leeg, yog Selenpiya, Hasanpiya thiab ob tug cov kwvtij kaum leej."},{"bible_id":"1269","chapter_code":"EZR.8","verse_code":"EZR.8.25","label":"25","content":"Thiab kuv muab tej nyiaj tej kub thiab tej twj siv uas vajntxwv thiab nws cov tim xyoob thiab nws cov thawj thiab cov Yixayee sawvdaws uas nyob ntawd tau pub xyeem ua peb tus Vajtswv lub tuam tsev los luj rau lawv."},{"bible_id":"1269","chapter_code":"EZR.8","verse_code":"EZR.8.26","label":"26","content":"Kuv luj cob rau lawv txhais tes rau pua tsib caug tala nyiaj  thiab tej twj siv nyiaj uas muaj nqes ib puas tala thiab kub ib puas tala,"},{"bible_id":"1269","chapter_code":"EZR.8","verse_code":"EZR.8.27","label":"27","content":"thiab nees nkaum lub phaj kub uas muaj nqes ib txhiab dali  thiab ob lub tais tseem tooj liab ci zoo nkauj uas muaj nqes npaum li kub."},{"bible_id":"1269","chapter_code":"EZR.8","verse_code":"EZR.8.28","label":"28","content":"Thiab kuv hais rau lawv tias, \u201cNej sawvdaws yog cov dawb huv rau Yawmsaub thiab tej twj siv kuj dawb huv. Tej nyiaj thiab tej kub ntawd yog tej uas zoo siab muab xyeem pub rau Yawmsaub, uas yog nej tej poj koob yawm txwv tus Vajtswv."},{"bible_id":"1269","chapter_code":"EZR.8","verse_code":"EZR.8.29","label":"29","content":"Yuav tsum ceev cia mus txog thaum uas nej muab luj rau ntawm cov pov thawj hlob thiab cov Levi thiab cov thawj hauv txhua cum Yixayee hauv tej chav tsev ntawm Yawmsaub lub tuam tsev hauv Yeluxalee.\u201d"},{"bible_id":"1269","chapter_code":"EZR.8","verse_code":"EZR.8.30","label":"30","content":"Cov pov thawj thiab cov Levi thiaj txais tej nyiaj thiab tej kub uas luj ntawd thiab tej twj siv es coj mus rau ntawm Yeluxalees mus rau hauv peb tus Vajtswv lub tuam tsev."},{"bible_id":"1269","chapter_code":"EZR.8","verse_code":"EZR.8.31","label":"31","content":"Hnub xiab kaum ob lub ib hlis peb tawm ntawm tus dej Ahava yuav mus rau Yeluxalees. Mas peb tus Vajtswv txhais tes roos rawv peb thiab nws cawm kom peb dim tej yeeb ncuab txhais tes thiab tej uas zov ntawm tej tog kev."},{"bible_id":"1269","chapter_code":"EZR.8","verse_code":"EZR.8.32","label":"32","content":"Peb los txog Yeluxalees thiab so peb hnub qhov ntawd."},{"bible_id":"1269","chapter_code":"EZR.8","verse_code":"EZR.8.33","label":"33","content":"Hnub uas plaub muab tej nyiaj tej kub thiab tej twj siv los luj hauv peb tus Vajtswv lub tuam tsev cob rau tus pov thawj Melemau uas yog Uliyas tus tub txhais tes, thiab cov uas nrog nws nyob ntawd yog Fineha tus tub Ele\u2011axa, thiab yog Yesua tus tub Yauxanpa thiab Npinu\u2011i tus tub Nau\u2011adiya, ob tug yog cov Levi."},{"bible_id":"1269","chapter_code":"EZR.8","verse_code":"EZR.8.34","label":"34","content":"Lawv luj thiab suav txhua yam thiab muab sau txhua yam cia tias hnyav npaum li cas."},{"bible_id":"1269","chapter_code":"EZR.8","verse_code":"EZR.8.35","label":"35","content":"Hnub ntawd cov uas raug ntes coj mus es rov los, yog cov uas poob tebchaws rov los, lawv ua kevcai hlawv huvsi xyeem rau Yixayee tus Vajtswv. Lawv muab kaum ob tug txiv nyuj xyeem ua cov Yixayee sawvdaws li feem, thiab cuaj caum rau tus txiv yaj, thiab xya caum xya tus menyuam yaj, thiab lawv kuj muab kaum ob tug txiv tshis ua kevcai xyeem daws txim. Cov no huvsi ua kevcai hlawv xyeem rau Yawmsaub."},{"bible_id":"1269","chapter_code":"EZR.8","verse_code":"EZR.8.36","label":"36","content":"Lawv kuj muab tsab ntawv uas muaj vajntxwv tej lus nkaw rau cov thawj uas vajntxwv tsa kav tebchaws thiab rau cov uas kav lub xeev sab dej Yufeti hnub poob, mas cov nom tswv thiaj pab cov pejxeem thiab pab Vajtswv lub tuam tsev."},{"bible_id":"1269","chapter_code":"EZR.9","verse_code":"EZR.9.1","label":"1","content":"Thaum dhau tej haujlwm no lawm, cov thawj los cuag kuv thiab hais tias, \u201cCov neeg Yixayee thiab cov pov thawj thiab cov Levi tsis tau muab lawv cais ntawm tej neeg hauv lwm lub tebchaws thiab ntawm tej neeg ntawd tej kev qias vuab tsuab, yog ntawm cov Khana\u2011as, cov Hithai, cov Pelixai, cov Yenpu, cov Asmoo, cov Mau\u2011a, cov Iyi thiab cov Amaulai."},{"bible_id":"1269","chapter_code":"EZR.9","verse_code":"EZR.9.2","label":"2","content":"Rau qhov lawv yuav tej neeg ntawd tej ntxhais los ua lawv pojniam thiab ua lawv tej tub pojniam. Yog li no haiv neeg uas dawb huv no thiaj li txuam tsoov tag rau hauv tej tebchaws ntawd cov neeg. Qhov uas fav xeeb no, cov nom tswv thiab cov thawj txhais tes coj kev ua ntej.\u201d"},{"bible_id":"1269","chapter_code":"EZR.9","verse_code":"EZR.9.3","label":"3","content":"Thaum kuv hnov li no kuv thiaj dua rhe kuv lub tsho thiab lub tsho ntev, thiab dob kuv tej plaubhau thiab tej hwj txwv, thiab kuv zaum poob siab tag."},{"bible_id":"1269","chapter_code":"EZR.9","verse_code":"EZR.9.4","label":"4","content":"Ces txhua tus uas paub ntshai Yixayee tus Vajtswv tej lus tuaj nyob vij kuv vim yog tim cov uas poob tebchaws rov qab los tej kev fav xeeb, mas kuv zaum poob siab tag mus txog lub sijhawm uas ua kevcai xyeem thaum yuav tsaus ntuj."},{"bible_id":"1269","chapter_code":"EZR.9","verse_code":"EZR.9.5","label":"5","content":"Lub sijhawm uas ua kevcai xyeem thaum yuav tsaus ntuj kuv sawv tsees ntawm qhov uas yoo mov uas muab lub tsho thiab lub tsho ntev dua tag, thiab kuv txhos caug ntua tsa tes rau Yawmsaub uas yog kuv tus Vajtswv,"},{"bible_id":"1269","chapter_code":"EZR.9","verse_code":"EZR.9.6","label":"6","content":"thiab hais tias, \u201cAu kuv tus Vajtswv, kuv poob ntsej muag thiab txaj muag tsa lub ntsej muag saib rau koj uas yog kuv tus Vajtswv, rau qhov peb tej kev txhaum siab dhau peb lub taubhau thiab peb lub txim nce mus nto saum ntuj."},{"bible_id":"1269","chapter_code":"EZR.9","verse_code":"EZR.9.7","label":"7","content":"Peb ua txhaum muaj txim loj txij thaum peb tej poj koob yawm txwv los txog niaj hnub nimno. Vim peb ua txhaum, mas peb thiab peb tej vajntxwv thiab peb cov pov thawj thiaj raug muab cob rau hauv lwm tebchaws tej vajntxwv txhais tes, thiab cob rau hniav ntaj thiab raug ntes raug lws thiab poob ntsej muag kawg yam li niaj hnub nimno."},{"bible_id":"1269","chapter_code":"EZR.9","verse_code":"EZR.9.8","label":"8","content":"Tiamsis nimno Yawmsaub uas yog peb tus Vajtswv ua nws txojkev hlub tshwm los ib nyuag ntu, nws thiaj tseg peb ib txhia tshuav nyob thiab pub peb nyob ruaj hauv nws lub chaw dawb huv, xwv Vajtswv thiaj ua rau peb qhov muag kaj tuaj thiab pub rau peb rov muaj zog mentsis hauv txojkev ua qhev tuaj."},{"bible_id":"1269","chapter_code":"EZR.9","verse_code":"EZR.9.9","label":"9","content":"Peb yeej raug ua qhev, tiamsis peb tus Vajtswv tsis muab peb pov tseg rau hauv txojkev ua qhev mus li. Nws ua nws txojkev hlub tshwm rau peb tab meeg Pawxia tej vajntxwv, thiab pub peb rov muaj zog tsim tsa peb tus Vajtswv lub tuam tsev thiab kho tej uas pob tag thiab pub muaj ntsa loog tiv thaiv peb hauv Yuda thiab Yeluxalees."},{"bible_id":"1269","chapter_code":"EZR.9","verse_code":"EZR.9.10","label":"10","content":"\u201cAu peb tus Vajtswv, dhau tej no lawm nimno peb yuav hais li cas? Vim yog peb tau tso koj tej lus nkaw tseg lawm,"},{"bible_id":"1269","chapter_code":"EZR.9","verse_code":"EZR.9.11","label":"11","content":"yog tej lus uas koj tau kom koj cov tub qhe uas cev koj lus hais tias, \u2018Lub tebchaws uas nej tabtom txeem mus ua nej tug ntawd yog lub tebchaws uas qias tsis huv vim tej kev qias puas tsuas uas cov neeg hauv lub tebchaws ua. Tej kev qias vuab tsuab uas lawv ua puv nkaus sab no mus thoob plaws rau sab tim ub ua rau lub tebchaws qias tsis huv lawm."},{"bible_id":"1269","chapter_code":"EZR.9","verse_code":"EZR.9.12","label":"12","content":"Yog li no nej tsis txhob muab nej tej ntxhais qua rau lawv tej tub, tsis txhob yuav lawv tej ntxhais rau nej tej tub, thiab tsis txhob nrog lawv sib raug zoo thiab txhawb lawv vam meej, xwv nej thiaj yuav muaj zog thiab noj tej qoob loo zoo zoo hauv lub tebchaws no thiab muab lub tebchaws ua qub txeeg qub teg rau nej cov menyuam mus ib txhis.\u2019"},{"bible_id":"1269","chapter_code":"EZR.9","verse_code":"EZR.9.13","label":"13","content":"Txawm yog txhua yam uas peb raug yog tim peb tej kev phem loj thiab peb lub txim loj kawg los peb tus Vajtswv tseem rau txim rau peb sib dua lub txim uas tsim nyog peb raug, thiab tau pub peb ib cov tshuav nyob yam li no."},{"bible_id":"1269","chapter_code":"EZR.9","verse_code":"EZR.9.14","label":"14","content":"Mas peb tseem yuav rhuav koj tej lus nkaw dua thiab nrog cov neeg uas ua tej kev qias vuab tsuab no sib yuav lov? Koj yuav tsis chim rau peb mus txog thaum koj ua rau peb puam tsuaj tag tsis tshuav ib tug nyob thiab tsis muaj ib tug dim li lov?"},{"bible_id":"1269","chapter_code":"EZR.9","verse_code":"EZR.9.15","label":"15","content":"Au Yawmsaub uas yog cov Yixayee tus Vajtswv, koj yog tus ncaj ncees. Peb ib co tshuav nyob thiab dim los txog niaj hnub nimno. Saib maj, tsis muaj ib tug muaj txim uas nyob tau ntawm koj lub xubntiag los peb tseem muaj txim nyob ntawm koj xubntiag.\u201d"},{"bible_id":"1269","chapter_code":"EZR.10","verse_code":"EZR.10.1","label":"1","content":"Thaum Exala thov thiab lees lub txim quaj thiab ntog rau ntawm Vajtswv lub tuam tsev, muaj cov pejxeem coob coob tsis hais pojniam txivneej thiab menyuam tuaj hauv cov Yixayee tuaj rau ntawm nws. Lawv kuj quaj mob siab kawg."},{"bible_id":"1269","chapter_code":"EZR.10","verse_code":"EZR.10.2","label":"2","content":"Mas Yehi\u2011ee tus tub Sekhaniya uas yog Elas caj ces hais rau Exala tias, \u201cPeb tau fav xeeb rau peb tus Vajtswv lawm thiab yuav lwm haiv neeg hauv lub tebchaws no tej ntxhais. Txawm yog muaj li no los nimno cov Yixayee tseem muaj chaw vam."},{"bible_id":"1269","chapter_code":"EZR.10","verse_code":"EZR.10.3","label":"3","content":"Vim li no cia peb cog lus rau peb tus Vajtswv tias peb yuav nrauj tej pojniam no huvsi thiab tej menyuam uas lawv yug, raws li yawg hlob koj thiab cov uas paub ntshai peb tus Vajtswv tej lus nkaw taw qhia. Cia ua raws li txoj kevcai lauj."},{"bible_id":"1269","chapter_code":"EZR.10","verse_code":"EZR.10.4","label":"4","content":"Cia li sawv tsees ua vim yog koj li haujlwm, peb nrog koj koom tes, cia li ua khov kho thiab ua mus.\u201d"},{"bible_id":"1269","chapter_code":"EZR.10","verse_code":"EZR.10.5","label":"5","content":"Ces Exala txawm sawv tsees thiab kom cov pov thawj hlob thiab cov Levi thiab cov Yixayee sawvdaws cog lus twv tias lawv yuav ua raws li tau hais tseg lawm. Lawv txawm cog lus twv."},{"bible_id":"1269","chapter_code":"EZR.10","verse_code":"EZR.10.6","label":"6","content":"Ces Exala txawm txav ntawm Vajtswv lub tuam tsev mus rau hauv Eliyasi tus tub Yehauhanas chav. Thaum nws los rau hauv lawm, nws tsis noj ncuav tsis haus dej rau qhov nws quaj txog qhov uas cov uas poob tebchaws rov los ntawd fav xeeb."},{"bible_id":"1269","chapter_code":"EZR.10","verse_code":"EZR.10.7","label":"7","content":"Muaj lus tshaj tawm mus thoob plaws Yuda thiab Yeluxalees rau cov uas poob tebchaws rov los sawvdaws kom tuaj txoos ua ke rau hauv Yeluxalees."},{"bible_id":"1269","chapter_code":"EZR.10","verse_code":"EZR.10.8","label":"8","content":"Yog leejtwg tsis tuaj rau peb hnub ntawd raws li cov thawj thiab cov kev txwj laus hais mas yuav txeeb nws cuab txhiaj cuab tam huvsi thiab tus ntawd yuav raug muab txiav tawm hauv cov uas poob tebchaws rov los mus."},{"bible_id":"1269","chapter_code":"EZR.10","verse_code":"EZR.10.9","label":"9","content":"Yuda thiab Npeeyamee cov txivneej sawvdaws tuaj txoos ua ke rau hauv Yeluxalees rau peb hnub ntawd, yog lub cuaj hlis hnub tim nees nkaum. Cov pejxeem sawvdaws zaum rau hauv lub tshav puam hauv Vajtswv lub tuam tsev. Lawv tshee hnyo rau zaj no thiab qhov uas nag los hlob heev."},{"bible_id":"1269","chapter_code":"EZR.10","verse_code":"EZR.10.10","label":"10","content":"Mas tus pov thawj Exala sawv tsees hais rau lawv tias, \u201cNej tau fav xeeb thiab yuav lwm haiv neeg tej ntxhais ua pojniam, nej thiaj li tsav cov Yixayee lub txim loj tuaj."},{"bible_id":"1269","chapter_code":"EZR.10","verse_code":"EZR.10.11","label":"11","content":"Nimno nej cia li lees txim rau Yawmsaub uas yog nej tej poj koob yawm txwv tus Vajtswv thiab ua raws li nws lub siab nyiam. Cia li cais nej tawm hauv lwm haiv neeg hauv lub tebchaws no thiab tawm hauv cov pojniam uas yog lwm haiv neeg.\u201d"},{"bible_id":"1269","chapter_code":"EZR.10","verse_code":"EZR.10.12","label":"12","content":"Ib tsoom pejxeem sawvdaws teb suab nrov hais tias, \u201cYog li koj hais, peb yuav ua raws li koj hais ntag."},{"bible_id":"1269","chapter_code":"EZR.10","verse_code":"EZR.10.13","label":"13","content":"Tiamsis cov pejxeem coob heev thiab yog lub caij nag los heev, peb nyob tsis taus ntawm tshav puam no. Yuav tu kom tiav rau ib hnub ob hnub no tsis tau, vim peb twb ua txhaum zaj no ntau heev lawm."},{"bible_id":"1269","chapter_code":"EZR.10","verse_code":"EZR.10.14","label":"14","content":"Thov cia peb cov thawj nyob cov pejxeem chaw tu zaj no, thiab cia txhua tus uas nyob hauv peb tej moos uas tau yuav lwm haiv neeg ua pojniam tuaj raws li uas teem cia rau lawv, thiab cov kev txwj laus thiab cov uas tu plaub hauv txhua lub moos nrog lawv tuaj ua ke mus txog thaum uas peb tus Vajtswv txojkev npau taws heev thim ntawm peb mus lawd.\u201d"},{"bible_id":"1269","chapter_code":"EZR.10","verse_code":"EZR.10.15","label":"15","content":"Tsuas yog Axahee tus tub Yaunathas thiab Thiva tus tub Yaxeya tawm tsam zaj no xwb, thiab Mesulas thiab Sanpethai uas yog ib tug Levi tuaj ob tug tog."},{"bible_id":"1269","chapter_code":"EZR.10","verse_code":"EZR.10.16","label":"16","content":"Cov uas poob tebchaws rov los kuj ua raws li ntawd. Mas tus pov thawj Exala xaiv tsa cov thawj hauv txhua cum ib cum ib tug yog txhua tus uas twb hais npe lawm. Mas hnub xiab ib lub kaum hli lawv zaum tshuaj saib zaj no,"},{"bible_id":"1269","chapter_code":"EZR.10","verse_code":"EZR.10.17","label":"17","content":"mas thaum txog hnub xiab ib lub ib hlis lawv tshuaj saib txhua tus txivneej uas yuav lwm haiv neeg ua pojniam lawd tiav."},{"bible_id":"1269","chapter_code":"EZR.10","verse_code":"EZR.10.18","label":"18","content":"Cov pov thawj caj ces uas yuav lwm haiv neeg muaj li no. Yauxada tus tub Yesua caj ces thiab nws cov kwvtij yog Ma\u2011axeya, Eliyexaw, Yali thiab Kedaliya."},{"bible_id":"1269","chapter_code":"EZR.10","verse_code":"EZR.10.19","label":"19","content":"Lawv cog lus tias lawv yuav nrauj lawv tej pojniam tseg thiab lawv muab ib tug txiv yaj ua kevcai ntxuav lawv kev txaug kev txhaum."},{"bible_id":"1269","chapter_code":"EZR.10","verse_code":"EZR.10.20","label":"20","content":"Imaw caj ces yog Hanani thiab Xenpadiya."},{"bible_id":"1269","chapter_code":"EZR.10","verse_code":"EZR.10.21","label":"21","content":"Halee caj ces yog Ma\u2011axeya, Eliya, Semaya, Yehi\u2011ee, thiab Uxiya."},{"bible_id":"1269","chapter_code":"EZR.10","verse_code":"EZR.10.22","label":"22","content":"Pasaw caj ces yog Eli\u2011aunai, Ma\u2011axeya, Yisama\u2011ee, Nethanee, Yauxanpa thiab Elaxa."},{"bible_id":"1269","chapter_code":"EZR.10","verse_code":"EZR.10.23","label":"23","content":"Cov Levi yog Yauxanpa, Sime\u2011i, Khelaya (uas yog Khelitha), Pethahiya, Yuda thiab Eliyexaw."},{"bible_id":"1269","chapter_code":"EZR.10","verse_code":"EZR.10.24","label":"24","content":"Cov uas hu nkauj yog Eliyasi. Cov zov tej rooj loog yog Salu, Thelee thiab Uli."},{"bible_id":"1269","chapter_code":"EZR.10","verse_code":"EZR.10.25","label":"25","content":"Thiab cov Yixayee mas Palau caj ces yog Lamiya, Ixiya, Makhiya, Miyamee, Ele\u2011axa, Makhiya thiab Npenaya."},{"bible_id":"1269","chapter_code":"EZR.10","verse_code":"EZR.10.26","label":"26","content":"Elas caj ces yog Mathaniya, Xekhaliya, Yehi\u2011ee, Adi, Yelemau thiab Eliya."},{"bible_id":"1269","chapter_code":"EZR.10","verse_code":"EZR.10.27","label":"27","content":"Xathu caj ces yog Eli\u2011aunai, Eliyasi, Mathaniya, Yelemau, Xanpa thiab Axixa."},{"bible_id":"1269","chapter_code":"EZR.10","verse_code":"EZR.10.28","label":"28","content":"Npenpai caj ces yog Yehauhanas, Hananiya, Xanpai thiab Athalai."},{"bible_id":"1269","chapter_code":"EZR.10","verse_code":"EZR.10.29","label":"29","content":"Npani caj ces yog Mesulas, Malu, Adaya, Yasu, Se\u2011as thiab Yelemau."},{"bible_id":"1269","chapter_code":"EZR.10","verse_code":"EZR.10.30","label":"30","content":"Paha Mau\u2011a caj ces yog Ana, Khela, Npenaya, Ma\u2011axeya, Mathaniya, Npexalee, Npinu\u2011i thiab Manaxe."},{"bible_id":"1269","chapter_code":"EZR.10","verse_code":"EZR.10.31","label":"31","content":"Halee caj ces yog Eliyexaw, Isiya, Makhiya, Semaya, Sime\u2011oo,"},{"bible_id":"1269","chapter_code":"EZR.10","verse_code":"EZR.10.32","label":"32","content":"Npeeyamee, Malu thiab Semaliya."},{"bible_id":"1269","chapter_code":"EZR.10","verse_code":"EZR.10.33","label":"33","content":"Hasu caj ces yog Mathenai, Mathathia, Xanpa, Elifele, Yelemai, Manaxe thiab Sime\u2011i."},{"bible_id":"1269","chapter_code":"EZR.10","verse_code":"EZR.10.34","label":"34","content":"Npani caj ces yog Ma\u2011adai, Alav, U\u2011ee,"},{"bible_id":"1269","chapter_code":"EZR.10","verse_code":"EZR.10.35","label":"35","content":"Npenaya, Npedeya, Kheluhi,"},{"bible_id":"1269","chapter_code":"EZR.10","verse_code":"EZR.10.36","label":"36","content":"Vaniya, Melemau, Eliyasi,"},{"bible_id":"1269","chapter_code":"EZR.10","verse_code":"EZR.10.37","label":"37","content":"Mathaniya, Mathenai thiab Ya\u2011axu."},{"bible_id":"1269","chapter_code":"EZR.10","verse_code":"EZR.10.38","label":"38","content":"Npinu\u2011i caj ces yog Sime\u2011i,"},{"bible_id":"1269","chapter_code":"EZR.10","verse_code":"EZR.10.39","label":"39","content":"Selemiya, Nathas, Adaya,"},{"bible_id":"1269","chapter_code":"EZR.10","verse_code":"EZR.10.40","label":"40","content":"Manadenpai, Sasai, Salai,"},{"bible_id":"1269","chapter_code":"EZR.10","verse_code":"EZR.10.41","label":"41","content":"Axalee, Selemiya, Semaliya,"},{"bible_id":"1269","chapter_code":"EZR.10","verse_code":"EZR.10.42","label":"42","content":"Salu, Amaliya thiab Yauxej."},{"bible_id":"1269","chapter_code":"EZR.10","verse_code":"EZR.10.43","label":"43","content":"Nenpau caj ces yog Ye\u2011i\u2011ee, Mathithiya, Xanpa, Xenpina, Yadai, Yau\u2011ee thiab Npenaya."},{"bible_id":"1269","chapter_code":"EZR.10","verse_code":"EZR.10.44","label":"44","content":"Cov neeg no sawvdaws yuav lwm haiv neeg tej ntxhais ua pojniam, mas lawv muab tej pojniam menyuam ntawd nrauj huvsi."}]