[{"id":1,"bible_id":1216,"bible_code":"HMOBSV","book_id":2,"book_code":"EXO","name":"EXO.1","code":"EXO.1"},{"id":2,"bible_id":1216,"bible_code":"HMOBSV","book_id":2,"book_code":"EXO","name":"EXO.2","code":"EXO.2"},{"id":3,"bible_id":1216,"bible_code":"HMOBSV","book_id":2,"book_code":"EXO","name":"EXO.3","code":"EXO.3"},{"id":4,"bible_id":1216,"bible_code":"HMOBSV","book_id":2,"book_code":"EXO","name":"EXO.4","code":"EXO.4"},{"id":5,"bible_id":1216,"bible_code":"HMOBSV","book_id":2,"book_code":"EXO","name":"EXO.5","code":"EXO.5"},{"id":6,"bible_id":1216,"bible_code":"HMOBSV","book_id":2,"book_code":"EXO","name":"EXO.6","code":"EXO.6"},{"id":7,"bible_id":1216,"bible_code":"HMOBSV","book_id":2,"book_code":"EXO","name":"EXO.7","code":"EXO.7"},{"id":8,"bible_id":1216,"bible_code":"HMOBSV","book_id":2,"book_code":"EXO","name":"EXO.8","code":"EXO.8"},{"id":9,"bible_id":1216,"bible_code":"HMOBSV","book_id":2,"book_code":"EXO","name":"EXO.9","code":"EXO.9"},{"id":10,"bible_id":1216,"bible_code":"HMOBSV","book_id":2,"book_code":"EXO","name":"EXO.10","code":"EXO.10"},{"id":11,"bible_id":1216,"bible_code":"HMOBSV","book_id":2,"book_code":"EXO","name":"EXO.11","code":"EXO.11"},{"id":12,"bible_id":1216,"bible_code":"HMOBSV","book_id":2,"book_code":"EXO","name":"EXO.12","code":"EXO.12"},{"id":13,"bible_id":1216,"bible_code":"HMOBSV","book_id":2,"book_code":"EXO","name":"EXO.13","code":"EXO.13"},{"id":14,"bible_id":1216,"bible_code":"HMOBSV","book_id":2,"book_code":"EXO","name":"EXO.14","code":"EXO.14"},{"id":15,"bible_id":1216,"bible_code":"HMOBSV","book_id":2,"book_code":"EXO","name":"EXO.15","code":"EXO.15"},{"id":16,"bible_id":1216,"bible_code":"HMOBSV","book_id":2,"book_code":"EXO","name":"EXO.16","code":"EXO.16"},{"id":17,"bible_id":1216,"bible_code":"HMOBSV","book_id":2,"book_code":"EXO","name":"EXO.17","code":"EXO.17"},{"id":18,"bible_id":1216,"bible_code":"HMOBSV","book_id":2,"book_code":"EXO","name":"EXO.18","code":"EXO.18"},{"id":19,"bible_id":1216,"bible_code":"HMOBSV","book_id":2,"book_code":"EXO","name":"EXO.19","code":"EXO.19"},{"id":20,"bible_id":1216,"bible_code":"HMOBSV","book_id":2,"book_code":"EXO","name":"EXO.20","code":"EXO.20"},{"id":21,"bible_id":1216,"bible_code":"HMOBSV","book_id":2,"book_code":"EXO","name":"EXO.21","code":"EXO.21"},{"id":22,"bible_id":1216,"bible_code":"HMOBSV","book_id":2,"book_code":"EXO","name":"EXO.22","code":"EXO.22"},{"id":23,"bible_id":1216,"bible_code":"HMOBSV","book_id":2,"book_code":"EXO","name":"EXO.23","code":"EXO.23"},{"id":24,"bible_id":1216,"bible_code":"HMOBSV","book_id":2,"book_code":"EXO","name":"EXO.24","code":"EXO.24"},{"id":25,"bible_id":1216,"bible_code":"HMOBSV","book_id":2,"book_code":"EXO","name":"EXO.25","code":"EXO.25"},{"id":26,"bible_id":1216,"bible_code":"HMOBSV","book_id":2,"book_code":"EXO","name":"EXO.26","code":"EXO.26"},{"id":27,"bible_id":1216,"bible_code":"HMOBSV","book_id":2,"book_code":"EXO","name":"EXO.27","code":"EXO.27"},{"id":28,"bible_id":1216,"bible_code":"HMOBSV","book_id":2,"book_code":"EXO","name":"EXO.28","code":"EXO.28"},{"id":29,"bible_id":1216,"bible_code":"HMOBSV","book_id":2,"book_code":"EXO","name":"EXO.29","code":"EXO.29"},{"id":30,"bible_id":1216,"bible_code":"HMOBSV","book_id":2,"book_code":"EXO","name":"EXO.30","code":"EXO.30"},{"id":31,"bible_id":1216,"bible_code":"HMOBSV","book_id":2,"book_code":"EXO","name":"EXO.31","code":"EXO.31"},{"id":32,"bible_id":1216,"bible_code":"HMOBSV","book_id":2,"book_code":"EXO","name":"EXO.32","code":"EXO.32"},{"id":33,"bible_id":1216,"bible_code":"HMOBSV","book_id":2,"book_code":"EXO","name":"EXO.33","code":"EXO.33"},{"id":34,"bible_id":1216,"bible_code":"HMOBSV","book_id":2,"book_code":"EXO","name":"EXO.34","code":"EXO.34"},{"id":35,"bible_id":1216,"bible_code":"HMOBSV","book_id":2,"book_code":"EXO","name":"EXO.35","code":"EXO.35"},{"id":36,"bible_id":1216,"bible_code":"HMOBSV","book_id":2,"book_code":"EXO","name":"EXO.36","code":"EXO.36"},{"id":37,"bible_id":1216,"bible_code":"HMOBSV","book_id":2,"book_code":"EXO","name":"EXO.37","code":"EXO.37"},{"id":38,"bible_id":1216,"bible_code":"HMOBSV","book_id":2,"book_code":"EXO","name":"EXO.38","code":"EXO.38"},{"id":39,"bible_id":1216,"bible_code":"HMOBSV","book_id":2,"book_code":"EXO","name":"EXO.39","code":"EXO.39"},{"id":40,"bible_id":1216,"bible_code":"HMOBSV","book_id":2,"book_code":"EXO","name":"EXO.40","code":"EXO.40"}]