[{"id":1,"bible_id":1216,"bible_code":"HMOBSV","book_id":26,"book_code":"EZK","name":"EZK.1","code":"EZK.1"},{"id":2,"bible_id":1216,"bible_code":"HMOBSV","book_id":26,"book_code":"EZK","name":"EZK.2","code":"EZK.2"},{"id":3,"bible_id":1216,"bible_code":"HMOBSV","book_id":26,"book_code":"EZK","name":"EZK.3","code":"EZK.3"},{"id":4,"bible_id":1216,"bible_code":"HMOBSV","book_id":26,"book_code":"EZK","name":"EZK.4","code":"EZK.4"},{"id":5,"bible_id":1216,"bible_code":"HMOBSV","book_id":26,"book_code":"EZK","name":"EZK.5","code":"EZK.5"},{"id":6,"bible_id":1216,"bible_code":"HMOBSV","book_id":26,"book_code":"EZK","name":"EZK.6","code":"EZK.6"},{"id":7,"bible_id":1216,"bible_code":"HMOBSV","book_id":26,"book_code":"EZK","name":"EZK.7","code":"EZK.7"},{"id":8,"bible_id":1216,"bible_code":"HMOBSV","book_id":26,"book_code":"EZK","name":"EZK.8","code":"EZK.8"},{"id":9,"bible_id":1216,"bible_code":"HMOBSV","book_id":26,"book_code":"EZK","name":"EZK.9","code":"EZK.9"},{"id":10,"bible_id":1216,"bible_code":"HMOBSV","book_id":26,"book_code":"EZK","name":"EZK.10","code":"EZK.10"},{"id":11,"bible_id":1216,"bible_code":"HMOBSV","book_id":26,"book_code":"EZK","name":"EZK.11","code":"EZK.11"},{"id":12,"bible_id":1216,"bible_code":"HMOBSV","book_id":26,"book_code":"EZK","name":"EZK.12","code":"EZK.12"},{"id":13,"bible_id":1216,"bible_code":"HMOBSV","book_id":26,"book_code":"EZK","name":"EZK.13","code":"EZK.13"},{"id":14,"bible_id":1216,"bible_code":"HMOBSV","book_id":26,"book_code":"EZK","name":"EZK.14","code":"EZK.14"},{"id":15,"bible_id":1216,"bible_code":"HMOBSV","book_id":26,"book_code":"EZK","name":"EZK.15","code":"EZK.15"},{"id":16,"bible_id":1216,"bible_code":"HMOBSV","book_id":26,"book_code":"EZK","name":"EZK.16","code":"EZK.16"},{"id":17,"bible_id":1216,"bible_code":"HMOBSV","book_id":26,"book_code":"EZK","name":"EZK.17","code":"EZK.17"},{"id":18,"bible_id":1216,"bible_code":"HMOBSV","book_id":26,"book_code":"EZK","name":"EZK.18","code":"EZK.18"},{"id":19,"bible_id":1216,"bible_code":"HMOBSV","book_id":26,"book_code":"EZK","name":"EZK.19","code":"EZK.19"},{"id":20,"bible_id":1216,"bible_code":"HMOBSV","book_id":26,"book_code":"EZK","name":"EZK.20","code":"EZK.20"},{"id":21,"bible_id":1216,"bible_code":"HMOBSV","book_id":26,"book_code":"EZK","name":"EZK.21","code":"EZK.21"},{"id":22,"bible_id":1216,"bible_code":"HMOBSV","book_id":26,"book_code":"EZK","name":"EZK.22","code":"EZK.22"},{"id":23,"bible_id":1216,"bible_code":"HMOBSV","book_id":26,"book_code":"EZK","name":"EZK.23","code":"EZK.23"},{"id":24,"bible_id":1216,"bible_code":"HMOBSV","book_id":26,"book_code":"EZK","name":"EZK.24","code":"EZK.24"},{"id":25,"bible_id":1216,"bible_code":"HMOBSV","book_id":26,"book_code":"EZK","name":"EZK.25","code":"EZK.25"},{"id":26,"bible_id":1216,"bible_code":"HMOBSV","book_id":26,"book_code":"EZK","name":"EZK.26","code":"EZK.26"},{"id":27,"bible_id":1216,"bible_code":"HMOBSV","book_id":26,"book_code":"EZK","name":"EZK.27","code":"EZK.27"},{"id":28,"bible_id":1216,"bible_code":"HMOBSV","book_id":26,"book_code":"EZK","name":"EZK.28","code":"EZK.28"},{"id":29,"bible_id":1216,"bible_code":"HMOBSV","book_id":26,"book_code":"EZK","name":"EZK.29","code":"EZK.29"},{"id":30,"bible_id":1216,"bible_code":"HMOBSV","book_id":26,"book_code":"EZK","name":"EZK.30","code":"EZK.30"},{"id":31,"bible_id":1216,"bible_code":"HMOBSV","book_id":26,"book_code":"EZK","name":"EZK.31","code":"EZK.31"},{"id":32,"bible_id":1216,"bible_code":"HMOBSV","book_id":26,"book_code":"EZK","name":"EZK.32","code":"EZK.32"},{"id":33,"bible_id":1216,"bible_code":"HMOBSV","book_id":26,"book_code":"EZK","name":"EZK.33","code":"EZK.33"},{"id":34,"bible_id":1216,"bible_code":"HMOBSV","book_id":26,"book_code":"EZK","name":"EZK.34","code":"EZK.34"},{"id":35,"bible_id":1216,"bible_code":"HMOBSV","book_id":26,"book_code":"EZK","name":"EZK.35","code":"EZK.35"},{"id":36,"bible_id":1216,"bible_code":"HMOBSV","book_id":26,"book_code":"EZK","name":"EZK.36","code":"EZK.36"},{"id":37,"bible_id":1216,"bible_code":"HMOBSV","book_id":26,"book_code":"EZK","name":"EZK.37","code":"EZK.37"},{"id":38,"bible_id":1216,"bible_code":"HMOBSV","book_id":26,"book_code":"EZK","name":"EZK.38","code":"EZK.38"},{"id":39,"bible_id":1216,"bible_code":"HMOBSV","book_id":26,"book_code":"EZK","name":"EZK.39","code":"EZK.39"},{"id":40,"bible_id":1216,"bible_code":"HMOBSV","book_id":26,"book_code":"EZK","name":"EZK.40","code":"EZK.40"},{"id":41,"bible_id":1216,"bible_code":"HMOBSV","book_id":26,"book_code":"EZK","name":"EZK.41","code":"EZK.41"},{"id":42,"bible_id":1216,"bible_code":"HMOBSV","book_id":26,"book_code":"EZK","name":"EZK.42","code":"EZK.42"},{"id":43,"bible_id":1216,"bible_code":"HMOBSV","book_id":26,"book_code":"EZK","name":"EZK.43","code":"EZK.43"},{"id":44,"bible_id":1216,"bible_code":"HMOBSV","book_id":26,"book_code":"EZK","name":"EZK.44","code":"EZK.44"},{"id":45,"bible_id":1216,"bible_code":"HMOBSV","book_id":26,"book_code":"EZK","name":"EZK.45","code":"EZK.45"},{"id":46,"bible_id":1216,"bible_code":"HMOBSV","book_id":26,"book_code":"EZK","name":"EZK.46","code":"EZK.46"},{"id":47,"bible_id":1216,"bible_code":"HMOBSV","book_id":26,"book_code":"EZK","name":"EZK.47","code":"EZK.47"},{"id":48,"bible_id":1216,"bible_code":"HMOBSV","book_id":26,"book_code":"EZK","name":"EZK.48","code":"EZK.48"}]