[{"id":1,"bible_id":1216,"bible_code":"HMOBSV","book_id":28,"book_code":"HOS","name":"HOS.1","code":"HOS.1"},{"id":2,"bible_id":1216,"bible_code":"HMOBSV","book_id":28,"book_code":"HOS","name":"HOS.2","code":"HOS.2"},{"id":3,"bible_id":1216,"bible_code":"HMOBSV","book_id":28,"book_code":"HOS","name":"HOS.3","code":"HOS.3"},{"id":4,"bible_id":1216,"bible_code":"HMOBSV","book_id":28,"book_code":"HOS","name":"HOS.4","code":"HOS.4"},{"id":5,"bible_id":1216,"bible_code":"HMOBSV","book_id":28,"book_code":"HOS","name":"HOS.5","code":"HOS.5"},{"id":6,"bible_id":1216,"bible_code":"HMOBSV","book_id":28,"book_code":"HOS","name":"HOS.6","code":"HOS.6"},{"id":7,"bible_id":1216,"bible_code":"HMOBSV","book_id":28,"book_code":"HOS","name":"HOS.7","code":"HOS.7"},{"id":8,"bible_id":1216,"bible_code":"HMOBSV","book_id":28,"book_code":"HOS","name":"HOS.8","code":"HOS.8"},{"id":9,"bible_id":1216,"bible_code":"HMOBSV","book_id":28,"book_code":"HOS","name":"HOS.9","code":"HOS.9"},{"id":10,"bible_id":1216,"bible_code":"HMOBSV","book_id":28,"book_code":"HOS","name":"HOS.10","code":"HOS.10"},{"id":11,"bible_id":1216,"bible_code":"HMOBSV","book_id":28,"book_code":"HOS","name":"HOS.11","code":"HOS.11"},{"id":12,"bible_id":1216,"bible_code":"HMOBSV","book_id":28,"book_code":"HOS","name":"HOS.12","code":"HOS.12"},{"id":13,"bible_id":1216,"bible_code":"HMOBSV","book_id":28,"book_code":"HOS","name":"HOS.13","code":"HOS.13"},{"id":14,"bible_id":1216,"bible_code":"HMOBSV","book_id":28,"book_code":"HOS","name":"HOS.14","code":"HOS.14"}]