[{"id":1,"bible_id":1216,"bible_code":"HMOBSV","book_id":4,"book_code":"NUM","name":"NUM.1","code":"NUM.1"},{"id":2,"bible_id":1216,"bible_code":"HMOBSV","book_id":4,"book_code":"NUM","name":"NUM.2","code":"NUM.2"},{"id":3,"bible_id":1216,"bible_code":"HMOBSV","book_id":4,"book_code":"NUM","name":"NUM.3","code":"NUM.3"},{"id":4,"bible_id":1216,"bible_code":"HMOBSV","book_id":4,"book_code":"NUM","name":"NUM.4","code":"NUM.4"},{"id":5,"bible_id":1216,"bible_code":"HMOBSV","book_id":4,"book_code":"NUM","name":"NUM.5","code":"NUM.5"},{"id":6,"bible_id":1216,"bible_code":"HMOBSV","book_id":4,"book_code":"NUM","name":"NUM.6","code":"NUM.6"},{"id":7,"bible_id":1216,"bible_code":"HMOBSV","book_id":4,"book_code":"NUM","name":"NUM.7","code":"NUM.7"},{"id":8,"bible_id":1216,"bible_code":"HMOBSV","book_id":4,"book_code":"NUM","name":"NUM.8","code":"NUM.8"},{"id":9,"bible_id":1216,"bible_code":"HMOBSV","book_id":4,"book_code":"NUM","name":"NUM.9","code":"NUM.9"},{"id":10,"bible_id":1216,"bible_code":"HMOBSV","book_id":4,"book_code":"NUM","name":"NUM.10","code":"NUM.10"},{"id":11,"bible_id":1216,"bible_code":"HMOBSV","book_id":4,"book_code":"NUM","name":"NUM.11","code":"NUM.11"},{"id":12,"bible_id":1216,"bible_code":"HMOBSV","book_id":4,"book_code":"NUM","name":"NUM.12","code":"NUM.12"},{"id":13,"bible_id":1216,"bible_code":"HMOBSV","book_id":4,"book_code":"NUM","name":"NUM.13","code":"NUM.13"},{"id":14,"bible_id":1216,"bible_code":"HMOBSV","book_id":4,"book_code":"NUM","name":"NUM.14","code":"NUM.14"},{"id":15,"bible_id":1216,"bible_code":"HMOBSV","book_id":4,"book_code":"NUM","name":"NUM.15","code":"NUM.15"},{"id":16,"bible_id":1216,"bible_code":"HMOBSV","book_id":4,"book_code":"NUM","name":"NUM.16","code":"NUM.16"},{"id":17,"bible_id":1216,"bible_code":"HMOBSV","book_id":4,"book_code":"NUM","name":"NUM.17","code":"NUM.17"},{"id":18,"bible_id":1216,"bible_code":"HMOBSV","book_id":4,"book_code":"NUM","name":"NUM.18","code":"NUM.18"},{"id":19,"bible_id":1216,"bible_code":"HMOBSV","book_id":4,"book_code":"NUM","name":"NUM.19","code":"NUM.19"},{"id":20,"bible_id":1216,"bible_code":"HMOBSV","book_id":4,"book_code":"NUM","name":"NUM.20","code":"NUM.20"},{"id":21,"bible_id":1216,"bible_code":"HMOBSV","book_id":4,"book_code":"NUM","name":"NUM.21","code":"NUM.21"},{"id":22,"bible_id":1216,"bible_code":"HMOBSV","book_id":4,"book_code":"NUM","name":"NUM.22","code":"NUM.22"},{"id":23,"bible_id":1216,"bible_code":"HMOBSV","book_id":4,"book_code":"NUM","name":"NUM.23","code":"NUM.23"},{"id":24,"bible_id":1216,"bible_code":"HMOBSV","book_id":4,"book_code":"NUM","name":"NUM.24","code":"NUM.24"},{"id":25,"bible_id":1216,"bible_code":"HMOBSV","book_id":4,"book_code":"NUM","name":"NUM.25","code":"NUM.25"},{"id":26,"bible_id":1216,"bible_code":"HMOBSV","book_id":4,"book_code":"NUM","name":"NUM.26","code":"NUM.26"},{"id":27,"bible_id":1216,"bible_code":"HMOBSV","book_id":4,"book_code":"NUM","name":"NUM.27","code":"NUM.27"},{"id":28,"bible_id":1216,"bible_code":"HMOBSV","book_id":4,"book_code":"NUM","name":"NUM.28","code":"NUM.28"},{"id":29,"bible_id":1216,"bible_code":"HMOBSV","book_id":4,"book_code":"NUM","name":"NUM.29","code":"NUM.29"},{"id":30,"bible_id":1216,"bible_code":"HMOBSV","book_id":4,"book_code":"NUM","name":"NUM.30","code":"NUM.30"},{"id":31,"bible_id":1216,"bible_code":"HMOBSV","book_id":4,"book_code":"NUM","name":"NUM.31","code":"NUM.31"},{"id":32,"bible_id":1216,"bible_code":"HMOBSV","book_id":4,"book_code":"NUM","name":"NUM.32","code":"NUM.32"},{"id":33,"bible_id":1216,"bible_code":"HMOBSV","book_id":4,"book_code":"NUM","name":"NUM.33","code":"NUM.33"},{"id":34,"bible_id":1216,"bible_code":"HMOBSV","book_id":4,"book_code":"NUM","name":"NUM.34","code":"NUM.34"},{"id":35,"bible_id":1216,"bible_code":"HMOBSV","book_id":4,"book_code":"NUM","name":"NUM.35","code":"NUM.35"},{"id":36,"bible_id":1216,"bible_code":"HMOBSV","book_id":4,"book_code":"NUM","name":"NUM.36","code":"NUM.36"}]