[{"id":1,"bible_id":1216,"bible_code":"HMOBSV","book_id":45,"book_code":"ROM","name":"ROM.1","code":"ROM.1"},{"id":2,"bible_id":1216,"bible_code":"HMOBSV","book_id":45,"book_code":"ROM","name":"ROM.2","code":"ROM.2"},{"id":3,"bible_id":1216,"bible_code":"HMOBSV","book_id":45,"book_code":"ROM","name":"ROM.3","code":"ROM.3"},{"id":4,"bible_id":1216,"bible_code":"HMOBSV","book_id":45,"book_code":"ROM","name":"ROM.4","code":"ROM.4"},{"id":5,"bible_id":1216,"bible_code":"HMOBSV","book_id":45,"book_code":"ROM","name":"ROM.5","code":"ROM.5"},{"id":6,"bible_id":1216,"bible_code":"HMOBSV","book_id":45,"book_code":"ROM","name":"ROM.6","code":"ROM.6"},{"id":7,"bible_id":1216,"bible_code":"HMOBSV","book_id":45,"book_code":"ROM","name":"ROM.7","code":"ROM.7"},{"id":8,"bible_id":1216,"bible_code":"HMOBSV","book_id":45,"book_code":"ROM","name":"ROM.8","code":"ROM.8"},{"id":9,"bible_id":1216,"bible_code":"HMOBSV","book_id":45,"book_code":"ROM","name":"ROM.9","code":"ROM.9"},{"id":10,"bible_id":1216,"bible_code":"HMOBSV","book_id":45,"book_code":"ROM","name":"ROM.10","code":"ROM.10"},{"id":11,"bible_id":1216,"bible_code":"HMOBSV","book_id":45,"book_code":"ROM","name":"ROM.11","code":"ROM.11"},{"id":12,"bible_id":1216,"bible_code":"HMOBSV","book_id":45,"book_code":"ROM","name":"ROM.12","code":"ROM.12"},{"id":13,"bible_id":1216,"bible_code":"HMOBSV","book_id":45,"book_code":"ROM","name":"ROM.13","code":"ROM.13"},{"id":14,"bible_id":1216,"bible_code":"HMOBSV","book_id":45,"book_code":"ROM","name":"ROM.14","code":"ROM.14"},{"id":15,"bible_id":1216,"bible_code":"HMOBSV","book_id":45,"book_code":"ROM","name":"ROM.15","code":"ROM.15"},{"id":16,"bible_id":1216,"bible_code":"HMOBSV","book_id":45,"book_code":"ROM","name":"ROM.16","code":"ROM.16"}]