[{"id":1,"bible_id":1216,"bible_code":"HMOBSV","book_id":58,"book_code":"HEB","name":"HEB.1","code":"HEB.1"},{"id":2,"bible_id":1216,"bible_code":"HMOBSV","book_id":58,"book_code":"HEB","name":"HEB.2","code":"HEB.2"},{"id":3,"bible_id":1216,"bible_code":"HMOBSV","book_id":58,"book_code":"HEB","name":"HEB.3","code":"HEB.3"},{"id":4,"bible_id":1216,"bible_code":"HMOBSV","book_id":58,"book_code":"HEB","name":"HEB.4","code":"HEB.4"},{"id":5,"bible_id":1216,"bible_code":"HMOBSV","book_id":58,"book_code":"HEB","name":"HEB.5","code":"HEB.5"},{"id":6,"bible_id":1216,"bible_code":"HMOBSV","book_id":58,"book_code":"HEB","name":"HEB.6","code":"HEB.6"},{"id":7,"bible_id":1216,"bible_code":"HMOBSV","book_id":58,"book_code":"HEB","name":"HEB.7","code":"HEB.7"},{"id":8,"bible_id":1216,"bible_code":"HMOBSV","book_id":58,"book_code":"HEB","name":"HEB.8","code":"HEB.8"},{"id":9,"bible_id":1216,"bible_code":"HMOBSV","book_id":58,"book_code":"HEB","name":"HEB.9","code":"HEB.9"},{"id":10,"bible_id":1216,"bible_code":"HMOBSV","book_id":58,"book_code":"HEB","name":"HEB.10","code":"HEB.10"},{"id":11,"bible_id":1216,"bible_code":"HMOBSV","book_id":58,"book_code":"HEB","name":"HEB.11","code":"HEB.11"},{"id":12,"bible_id":1216,"bible_code":"HMOBSV","book_id":58,"book_code":"HEB","name":"HEB.12","code":"HEB.12"},{"id":13,"bible_id":1216,"bible_code":"HMOBSV","book_id":58,"book_code":"HEB","name":"HEB.13","code":"HEB.13"}]