[{"id":1,"bible_id":1216,"bible_code":"HMOBSV","book_id":59,"book_code":"JAS","name":"JAS.1","code":"JAS.1"},{"id":2,"bible_id":1216,"bible_code":"HMOBSV","book_id":59,"book_code":"JAS","name":"JAS.2","code":"JAS.2"},{"id":3,"bible_id":1216,"bible_code":"HMOBSV","book_id":59,"book_code":"JAS","name":"JAS.3","code":"JAS.3"},{"id":4,"bible_id":1216,"bible_code":"HMOBSV","book_id":59,"book_code":"JAS","name":"JAS.4","code":"JAS.4"},{"id":5,"bible_id":1216,"bible_code":"HMOBSV","book_id":59,"book_code":"JAS","name":"JAS.5","code":"JAS.5"}]