[{"id":1,"bible_id":1216,"bible_code":"HMOBSV","book_id":6,"book_code":"JOS","name":"JOS.1","code":"JOS.1"},{"id":2,"bible_id":1216,"bible_code":"HMOBSV","book_id":6,"book_code":"JOS","name":"JOS.2","code":"JOS.2"},{"id":3,"bible_id":1216,"bible_code":"HMOBSV","book_id":6,"book_code":"JOS","name":"JOS.3","code":"JOS.3"},{"id":4,"bible_id":1216,"bible_code":"HMOBSV","book_id":6,"book_code":"JOS","name":"JOS.4","code":"JOS.4"},{"id":5,"bible_id":1216,"bible_code":"HMOBSV","book_id":6,"book_code":"JOS","name":"JOS.5","code":"JOS.5"},{"id":6,"bible_id":1216,"bible_code":"HMOBSV","book_id":6,"book_code":"JOS","name":"JOS.6","code":"JOS.6"},{"id":7,"bible_id":1216,"bible_code":"HMOBSV","book_id":6,"book_code":"JOS","name":"JOS.7","code":"JOS.7"},{"id":8,"bible_id":1216,"bible_code":"HMOBSV","book_id":6,"book_code":"JOS","name":"JOS.8","code":"JOS.8"},{"id":9,"bible_id":1216,"bible_code":"HMOBSV","book_id":6,"book_code":"JOS","name":"JOS.9","code":"JOS.9"},{"id":10,"bible_id":1216,"bible_code":"HMOBSV","book_id":6,"book_code":"JOS","name":"JOS.10","code":"JOS.10"},{"id":11,"bible_id":1216,"bible_code":"HMOBSV","book_id":6,"book_code":"JOS","name":"JOS.11","code":"JOS.11"},{"id":12,"bible_id":1216,"bible_code":"HMOBSV","book_id":6,"book_code":"JOS","name":"JOS.12","code":"JOS.12"},{"id":13,"bible_id":1216,"bible_code":"HMOBSV","book_id":6,"book_code":"JOS","name":"JOS.13","code":"JOS.13"},{"id":14,"bible_id":1216,"bible_code":"HMOBSV","book_id":6,"book_code":"JOS","name":"JOS.14","code":"JOS.14"},{"id":15,"bible_id":1216,"bible_code":"HMOBSV","book_id":6,"book_code":"JOS","name":"JOS.15","code":"JOS.15"},{"id":16,"bible_id":1216,"bible_code":"HMOBSV","book_id":6,"book_code":"JOS","name":"JOS.16","code":"JOS.16"},{"id":17,"bible_id":1216,"bible_code":"HMOBSV","book_id":6,"book_code":"JOS","name":"JOS.17","code":"JOS.17"},{"id":18,"bible_id":1216,"bible_code":"HMOBSV","book_id":6,"book_code":"JOS","name":"JOS.18","code":"JOS.18"},{"id":19,"bible_id":1216,"bible_code":"HMOBSV","book_id":6,"book_code":"JOS","name":"JOS.19","code":"JOS.19"},{"id":20,"bible_id":1216,"bible_code":"HMOBSV","book_id":6,"book_code":"JOS","name":"JOS.20","code":"JOS.20"},{"id":21,"bible_id":1216,"bible_code":"HMOBSV","book_id":6,"book_code":"JOS","name":"JOS.21","code":"JOS.21"},{"id":22,"bible_id":1216,"bible_code":"HMOBSV","book_id":6,"book_code":"JOS","name":"JOS.22","code":"JOS.22"},{"id":23,"bible_id":1216,"bible_code":"HMOBSV","book_id":6,"book_code":"JOS","name":"JOS.23","code":"JOS.23"},{"id":24,"bible_id":1216,"bible_code":"HMOBSV","book_id":6,"book_code":"JOS","name":"JOS.24","code":"JOS.24"}]