[{"id":1,"bible_id":1216,"bible_code":"HMOBSV","book_id":66,"book_code":"REV","name":"REV.1","code":"REV.1"},{"id":2,"bible_id":1216,"bible_code":"HMOBSV","book_id":66,"book_code":"REV","name":"REV.2","code":"REV.2"},{"id":3,"bible_id":1216,"bible_code":"HMOBSV","book_id":66,"book_code":"REV","name":"REV.3","code":"REV.3"},{"id":4,"bible_id":1216,"bible_code":"HMOBSV","book_id":66,"book_code":"REV","name":"REV.4","code":"REV.4"},{"id":5,"bible_id":1216,"bible_code":"HMOBSV","book_id":66,"book_code":"REV","name":"REV.5","code":"REV.5"},{"id":6,"bible_id":1216,"bible_code":"HMOBSV","book_id":66,"book_code":"REV","name":"REV.6","code":"REV.6"},{"id":7,"bible_id":1216,"bible_code":"HMOBSV","book_id":66,"book_code":"REV","name":"REV.7","code":"REV.7"},{"id":8,"bible_id":1216,"bible_code":"HMOBSV","book_id":66,"book_code":"REV","name":"REV.8","code":"REV.8"},{"id":9,"bible_id":1216,"bible_code":"HMOBSV","book_id":66,"book_code":"REV","name":"REV.9","code":"REV.9"},{"id":10,"bible_id":1216,"bible_code":"HMOBSV","book_id":66,"book_code":"REV","name":"REV.10","code":"REV.10"},{"id":11,"bible_id":1216,"bible_code":"HMOBSV","book_id":66,"book_code":"REV","name":"REV.11","code":"REV.11"},{"id":12,"bible_id":1216,"bible_code":"HMOBSV","book_id":66,"book_code":"REV","name":"REV.12","code":"REV.12"},{"id":13,"bible_id":1216,"bible_code":"HMOBSV","book_id":66,"book_code":"REV","name":"REV.13","code":"REV.13"},{"id":14,"bible_id":1216,"bible_code":"HMOBSV","book_id":66,"book_code":"REV","name":"REV.14","code":"REV.14"},{"id":15,"bible_id":1216,"bible_code":"HMOBSV","book_id":66,"book_code":"REV","name":"REV.15","code":"REV.15"},{"id":16,"bible_id":1216,"bible_code":"HMOBSV","book_id":66,"book_code":"REV","name":"REV.16","code":"REV.16"},{"id":17,"bible_id":1216,"bible_code":"HMOBSV","book_id":66,"book_code":"REV","name":"REV.17","code":"REV.17"},{"id":18,"bible_id":1216,"bible_code":"HMOBSV","book_id":66,"book_code":"REV","name":"REV.18","code":"REV.18"},{"id":19,"bible_id":1216,"bible_code":"HMOBSV","book_id":66,"book_code":"REV","name":"REV.19","code":"REV.19"},{"id":20,"bible_id":1216,"bible_code":"HMOBSV","book_id":66,"book_code":"REV","name":"REV.20","code":"REV.20"},{"id":21,"bible_id":1216,"bible_code":"HMOBSV","book_id":66,"book_code":"REV","name":"REV.21","code":"REV.21"},{"id":22,"bible_id":1216,"bible_code":"HMOBSV","book_id":66,"book_code":"REV","name":"REV.22","code":"REV.22"}]