[{"id":1,"bible_id":1269,"bible_code":"HMOWSV","book_id":13,"book_code":"1CH","name":"1CH.1","code":"1CH.1"},{"id":2,"bible_id":1269,"bible_code":"HMOWSV","book_id":13,"book_code":"1CH","name":"1CH.2","code":"1CH.2"},{"id":3,"bible_id":1269,"bible_code":"HMOWSV","book_id":13,"book_code":"1CH","name":"1CH.3","code":"1CH.3"},{"id":4,"bible_id":1269,"bible_code":"HMOWSV","book_id":13,"book_code":"1CH","name":"1CH.4","code":"1CH.4"},{"id":5,"bible_id":1269,"bible_code":"HMOWSV","book_id":13,"book_code":"1CH","name":"1CH.5","code":"1CH.5"},{"id":6,"bible_id":1269,"bible_code":"HMOWSV","book_id":13,"book_code":"1CH","name":"1CH.6","code":"1CH.6"},{"id":7,"bible_id":1269,"bible_code":"HMOWSV","book_id":13,"book_code":"1CH","name":"1CH.7","code":"1CH.7"},{"id":8,"bible_id":1269,"bible_code":"HMOWSV","book_id":13,"book_code":"1CH","name":"1CH.8","code":"1CH.8"},{"id":9,"bible_id":1269,"bible_code":"HMOWSV","book_id":13,"book_code":"1CH","name":"1CH.9","code":"1CH.9"},{"id":10,"bible_id":1269,"bible_code":"HMOWSV","book_id":13,"book_code":"1CH","name":"1CH.10","code":"1CH.10"},{"id":11,"bible_id":1269,"bible_code":"HMOWSV","book_id":13,"book_code":"1CH","name":"1CH.11","code":"1CH.11"},{"id":12,"bible_id":1269,"bible_code":"HMOWSV","book_id":13,"book_code":"1CH","name":"1CH.12","code":"1CH.12"},{"id":13,"bible_id":1269,"bible_code":"HMOWSV","book_id":13,"book_code":"1CH","name":"1CH.13","code":"1CH.13"},{"id":14,"bible_id":1269,"bible_code":"HMOWSV","book_id":13,"book_code":"1CH","name":"1CH.14","code":"1CH.14"},{"id":15,"bible_id":1269,"bible_code":"HMOWSV","book_id":13,"book_code":"1CH","name":"1CH.15","code":"1CH.15"},{"id":16,"bible_id":1269,"bible_code":"HMOWSV","book_id":13,"book_code":"1CH","name":"1CH.16","code":"1CH.16"},{"id":17,"bible_id":1269,"bible_code":"HMOWSV","book_id":13,"book_code":"1CH","name":"1CH.17","code":"1CH.17"},{"id":18,"bible_id":1269,"bible_code":"HMOWSV","book_id":13,"book_code":"1CH","name":"1CH.18","code":"1CH.18"},{"id":19,"bible_id":1269,"bible_code":"HMOWSV","book_id":13,"book_code":"1CH","name":"1CH.19","code":"1CH.19"},{"id":20,"bible_id":1269,"bible_code":"HMOWSV","book_id":13,"book_code":"1CH","name":"1CH.20","code":"1CH.20"},{"id":21,"bible_id":1269,"bible_code":"HMOWSV","book_id":13,"book_code":"1CH","name":"1CH.21","code":"1CH.21"},{"id":22,"bible_id":1269,"bible_code":"HMOWSV","book_id":13,"book_code":"1CH","name":"1CH.22","code":"1CH.22"},{"id":23,"bible_id":1269,"bible_code":"HMOWSV","book_id":13,"book_code":"1CH","name":"1CH.23","code":"1CH.23"},{"id":24,"bible_id":1269,"bible_code":"HMOWSV","book_id":13,"book_code":"1CH","name":"1CH.24","code":"1CH.24"},{"id":25,"bible_id":1269,"bible_code":"HMOWSV","book_id":13,"book_code":"1CH","name":"1CH.25","code":"1CH.25"},{"id":26,"bible_id":1269,"bible_code":"HMOWSV","book_id":13,"book_code":"1CH","name":"1CH.26","code":"1CH.26"},{"id":27,"bible_id":1269,"bible_code":"HMOWSV","book_id":13,"book_code":"1CH","name":"1CH.27","code":"1CH.27"},{"id":28,"bible_id":1269,"bible_code":"HMOWSV","book_id":13,"book_code":"1CH","name":"1CH.28","code":"1CH.28"},{"id":29,"bible_id":1269,"bible_code":"HMOWSV","book_id":13,"book_code":"1CH","name":"1CH.29","code":"1CH.29"}]