[{"id":1,"bible_id":1269,"bible_code":"HMOWSV","book_id":19,"book_code":"PSA","name":"PSA.1","code":"PSA.1"},{"id":2,"bible_id":1269,"bible_code":"HMOWSV","book_id":19,"book_code":"PSA","name":"PSA.2","code":"PSA.2"},{"id":3,"bible_id":1269,"bible_code":"HMOWSV","book_id":19,"book_code":"PSA","name":"PSA.3","code":"PSA.3"},{"id":4,"bible_id":1269,"bible_code":"HMOWSV","book_id":19,"book_code":"PSA","name":"PSA.4","code":"PSA.4"},{"id":5,"bible_id":1269,"bible_code":"HMOWSV","book_id":19,"book_code":"PSA","name":"PSA.5","code":"PSA.5"},{"id":6,"bible_id":1269,"bible_code":"HMOWSV","book_id":19,"book_code":"PSA","name":"PSA.6","code":"PSA.6"},{"id":7,"bible_id":1269,"bible_code":"HMOWSV","book_id":19,"book_code":"PSA","name":"PSA.7","code":"PSA.7"},{"id":8,"bible_id":1269,"bible_code":"HMOWSV","book_id":19,"book_code":"PSA","name":"PSA.8","code":"PSA.8"},{"id":9,"bible_id":1269,"bible_code":"HMOWSV","book_id":19,"book_code":"PSA","name":"PSA.9","code":"PSA.9"},{"id":10,"bible_id":1269,"bible_code":"HMOWSV","book_id":19,"book_code":"PSA","name":"PSA.10","code":"PSA.10"},{"id":11,"bible_id":1269,"bible_code":"HMOWSV","book_id":19,"book_code":"PSA","name":"PSA.11","code":"PSA.11"},{"id":12,"bible_id":1269,"bible_code":"HMOWSV","book_id":19,"book_code":"PSA","name":"PSA.12","code":"PSA.12"},{"id":13,"bible_id":1269,"bible_code":"HMOWSV","book_id":19,"book_code":"PSA","name":"PSA.13","code":"PSA.13"},{"id":14,"bible_id":1269,"bible_code":"HMOWSV","book_id":19,"book_code":"PSA","name":"PSA.14","code":"PSA.14"},{"id":15,"bible_id":1269,"bible_code":"HMOWSV","book_id":19,"book_code":"PSA","name":"PSA.15","code":"PSA.15"},{"id":16,"bible_id":1269,"bible_code":"HMOWSV","book_id":19,"book_code":"PSA","name":"PSA.16","code":"PSA.16"},{"id":17,"bible_id":1269,"bible_code":"HMOWSV","book_id":19,"book_code":"PSA","name":"PSA.17","code":"PSA.17"},{"id":18,"bible_id":1269,"bible_code":"HMOWSV","book_id":19,"book_code":"PSA","name":"PSA.18","code":"PSA.18"},{"id":19,"bible_id":1269,"bible_code":"HMOWSV","book_id":19,"book_code":"PSA","name":"PSA.19","code":"PSA.19"},{"id":20,"bible_id":1269,"bible_code":"HMOWSV","book_id":19,"book_code":"PSA","name":"PSA.20","code":"PSA.20"},{"id":21,"bible_id":1269,"bible_code":"HMOWSV","book_id":19,"book_code":"PSA","name":"PSA.21","code":"PSA.21"},{"id":22,"bible_id":1269,"bible_code":"HMOWSV","book_id":19,"book_code":"PSA","name":"PSA.22","code":"PSA.22"},{"id":23,"bible_id":1269,"bible_code":"HMOWSV","book_id":19,"book_code":"PSA","name":"PSA.23","code":"PSA.23"},{"id":24,"bible_id":1269,"bible_code":"HMOWSV","book_id":19,"book_code":"PSA","name":"PSA.24","code":"PSA.24"},{"id":25,"bible_id":1269,"bible_code":"HMOWSV","book_id":19,"book_code":"PSA","name":"PSA.25","code":"PSA.25"},{"id":26,"bible_id":1269,"bible_code":"HMOWSV","book_id":19,"book_code":"PSA","name":"PSA.26","code":"PSA.26"},{"id":27,"bible_id":1269,"bible_code":"HMOWSV","book_id":19,"book_code":"PSA","name":"PSA.27","code":"PSA.27"},{"id":28,"bible_id":1269,"bible_code":"HMOWSV","book_id":19,"book_code":"PSA","name":"PSA.28","code":"PSA.28"},{"id":29,"bible_id":1269,"bible_code":"HMOWSV","book_id":19,"book_code":"PSA","name":"PSA.29","code":"PSA.29"},{"id":30,"bible_id":1269,"bible_code":"HMOWSV","book_id":19,"book_code":"PSA","name":"PSA.30","code":"PSA.30"},{"id":31,"bible_id":1269,"bible_code":"HMOWSV","book_id":19,"book_code":"PSA","name":"PSA.31","code":"PSA.31"},{"id":32,"bible_id":1269,"bible_code":"HMOWSV","book_id":19,"book_code":"PSA","name":"PSA.32","code":"PSA.32"},{"id":33,"bible_id":1269,"bible_code":"HMOWSV","book_id":19,"book_code":"PSA","name":"PSA.33","code":"PSA.33"},{"id":34,"bible_id":1269,"bible_code":"HMOWSV","book_id":19,"book_code":"PSA","name":"PSA.34","code":"PSA.34"},{"id":35,"bible_id":1269,"bible_code":"HMOWSV","book_id":19,"book_code":"PSA","name":"PSA.35","code":"PSA.35"},{"id":36,"bible_id":1269,"bible_code":"HMOWSV","book_id":19,"book_code":"PSA","name":"PSA.36","code":"PSA.36"},{"id":37,"bible_id":1269,"bible_code":"HMOWSV","book_id":19,"book_code":"PSA","name":"PSA.37","code":"PSA.37"},{"id":38,"bible_id":1269,"bible_code":"HMOWSV","book_id":19,"book_code":"PSA","name":"PSA.38","code":"PSA.38"},{"id":39,"bible_id":1269,"bible_code":"HMOWSV","book_id":19,"book_code":"PSA","name":"PSA.39","code":"PSA.39"},{"id":40,"bible_id":1269,"bible_code":"HMOWSV","book_id":19,"book_code":"PSA","name":"PSA.40","code":"PSA.40"},{"id":41,"bible_id":1269,"bible_code":"HMOWSV","book_id":19,"book_code":"PSA","name":"PSA.41","code":"PSA.41"},{"id":42,"bible_id":1269,"bible_code":"HMOWSV","book_id":19,"book_code":"PSA","name":"PSA.42","code":"PSA.42"},{"id":43,"bible_id":1269,"bible_code":"HMOWSV","book_id":19,"book_code":"PSA","name":"PSA.43","code":"PSA.43"},{"id":44,"bible_id":1269,"bible_code":"HMOWSV","book_id":19,"book_code":"PSA","name":"PSA.44","code":"PSA.44"},{"id":45,"bible_id":1269,"bible_code":"HMOWSV","book_id":19,"book_code":"PSA","name":"PSA.45","code":"PSA.45"},{"id":46,"bible_id":1269,"bible_code":"HMOWSV","book_id":19,"book_code":"PSA","name":"PSA.46","code":"PSA.46"},{"id":47,"bible_id":1269,"bible_code":"HMOWSV","book_id":19,"book_code":"PSA","name":"PSA.47","code":"PSA.47"},{"id":48,"bible_id":1269,"bible_code":"HMOWSV","book_id":19,"book_code":"PSA","name":"PSA.48","code":"PSA.48"},{"id":49,"bible_id":1269,"bible_code":"HMOWSV","book_id":19,"book_code":"PSA","name":"PSA.49","code":"PSA.49"},{"id":50,"bible_id":1269,"bible_code":"HMOWSV","book_id":19,"book_code":"PSA","name":"PSA.50","code":"PSA.50"},{"id":51,"bible_id":1269,"bible_code":"HMOWSV","book_id":19,"book_code":"PSA","name":"PSA.51","code":"PSA.51"},{"id":52,"bible_id":1269,"bible_code":"HMOWSV","book_id":19,"book_code":"PSA","name":"PSA.52","code":"PSA.52"},{"id":53,"bible_id":1269,"bible_code":"HMOWSV","book_id":19,"book_code":"PSA","name":"PSA.53","code":"PSA.53"},{"id":54,"bible_id":1269,"bible_code":"HMOWSV","book_id":19,"book_code":"PSA","name":"PSA.54","code":"PSA.54"},{"id":55,"bible_id":1269,"bible_code":"HMOWSV","book_id":19,"book_code":"PSA","name":"PSA.55","code":"PSA.55"},{"id":56,"bible_id":1269,"bible_code":"HMOWSV","book_id":19,"book_code":"PSA","name":"PSA.56","code":"PSA.56"},{"id":57,"bible_id":1269,"bible_code":"HMOWSV","book_id":19,"book_code":"PSA","name":"PSA.57","code":"PSA.57"},{"id":58,"bible_id":1269,"bible_code":"HMOWSV","book_id":19,"book_code":"PSA","name":"PSA.58","code":"PSA.58"},{"id":59,"bible_id":1269,"bible_code":"HMOWSV","book_id":19,"book_code":"PSA","name":"PSA.59","code":"PSA.59"},{"id":60,"bible_id":1269,"bible_code":"HMOWSV","book_id":19,"book_code":"PSA","name":"PSA.60","code":"PSA.60"},{"id":61,"bible_id":1269,"bible_code":"HMOWSV","book_id":19,"book_code":"PSA","name":"PSA.61","code":"PSA.61"},{"id":62,"bible_id":1269,"bible_code":"HMOWSV","book_id":19,"book_code":"PSA","name":"PSA.62","code":"PSA.62"},{"id":63,"bible_id":1269,"bible_code":"HMOWSV","book_id":19,"book_code":"PSA","name":"PSA.63","code":"PSA.63"},{"id":64,"bible_id":1269,"bible_code":"HMOWSV","book_id":19,"book_code":"PSA","name":"PSA.64","code":"PSA.64"},{"id":65,"bible_id":1269,"bible_code":"HMOWSV","book_id":19,"book_code":"PSA","name":"PSA.65","code":"PSA.65"},{"id":66,"bible_id":1269,"bible_code":"HMOWSV","book_id":19,"book_code":"PSA","name":"PSA.66","code":"PSA.66"},{"id":67,"bible_id":1269,"bible_code":"HMOWSV","book_id":19,"book_code":"PSA","name":"PSA.67","code":"PSA.67"},{"id":68,"bible_id":1269,"bible_code":"HMOWSV","book_id":19,"book_code":"PSA","name":"PSA.68","code":"PSA.68"},{"id":69,"bible_id":1269,"bible_code":"HMOWSV","book_id":19,"book_code":"PSA","name":"PSA.69","code":"PSA.69"},{"id":70,"bible_id":1269,"bible_code":"HMOWSV","book_id":19,"book_code":"PSA","name":"PSA.70","code":"PSA.70"},{"id":71,"bible_id":1269,"bible_code":"HMOWSV","book_id":19,"book_code":"PSA","name":"PSA.71","code":"PSA.71"},{"id":72,"bible_id":1269,"bible_code":"HMOWSV","book_id":19,"book_code":"PSA","name":"PSA.72","code":"PSA.72"},{"id":73,"bible_id":1269,"bible_code":"HMOWSV","book_id":19,"book_code":"PSA","name":"PSA.73","code":"PSA.73"},{"id":74,"bible_id":1269,"bible_code":"HMOWSV","book_id":19,"book_code":"PSA","name":"PSA.74","code":"PSA.74"},{"id":75,"bible_id":1269,"bible_code":"HMOWSV","book_id":19,"book_code":"PSA","name":"PSA.75","code":"PSA.75"},{"id":76,"bible_id":1269,"bible_code":"HMOWSV","book_id":19,"book_code":"PSA","name":"PSA.76","code":"PSA.76"},{"id":77,"bible_id":1269,"bible_code":"HMOWSV","book_id":19,"book_code":"PSA","name":"PSA.77","code":"PSA.77"},{"id":78,"bible_id":1269,"bible_code":"HMOWSV","book_id":19,"book_code":"PSA","name":"PSA.78","code":"PSA.78"},{"id":79,"bible_id":1269,"bible_code":"HMOWSV","book_id":19,"book_code":"PSA","name":"PSA.79","code":"PSA.79"},{"id":80,"bible_id":1269,"bible_code":"HMOWSV","book_id":19,"book_code":"PSA","name":"PSA.80","code":"PSA.80"},{"id":81,"bible_id":1269,"bible_code":"HMOWSV","book_id":19,"book_code":"PSA","name":"PSA.81","code":"PSA.81"},{"id":82,"bible_id":1269,"bible_code":"HMOWSV","book_id":19,"book_code":"PSA","name":"PSA.82","code":"PSA.82"},{"id":83,"bible_id":1269,"bible_code":"HMOWSV","book_id":19,"book_code":"PSA","name":"PSA.83","code":"PSA.83"},{"id":84,"bible_id":1269,"bible_code":"HMOWSV","book_id":19,"book_code":"PSA","name":"PSA.84","code":"PSA.84"},{"id":85,"bible_id":1269,"bible_code":"HMOWSV","book_id":19,"book_code":"PSA","name":"PSA.85","code":"PSA.85"},{"id":86,"bible_id":1269,"bible_code":"HMOWSV","book_id":19,"book_code":"PSA","name":"PSA.86","code":"PSA.86"},{"id":87,"bible_id":1269,"bible_code":"HMOWSV","book_id":19,"book_code":"PSA","name":"PSA.87","code":"PSA.87"},{"id":88,"bible_id":1269,"bible_code":"HMOWSV","book_id":19,"book_code":"PSA","name":"PSA.88","code":"PSA.88"},{"id":89,"bible_id":1269,"bible_code":"HMOWSV","book_id":19,"book_code":"PSA","name":"PSA.89","code":"PSA.89"},{"id":90,"bible_id":1269,"bible_code":"HMOWSV","book_id":19,"book_code":"PSA","name":"PSA.90","code":"PSA.90"},{"id":91,"bible_id":1269,"bible_code":"HMOWSV","book_id":19,"book_code":"PSA","name":"PSA.91","code":"PSA.91"},{"id":92,"bible_id":1269,"bible_code":"HMOWSV","book_id":19,"book_code":"PSA","name":"PSA.92","code":"PSA.92"},{"id":93,"bible_id":1269,"bible_code":"HMOWSV","book_id":19,"book_code":"PSA","name":"PSA.93","code":"PSA.93"},{"id":94,"bible_id":1269,"bible_code":"HMOWSV","book_id":19,"book_code":"PSA","name":"PSA.94","code":"PSA.94"},{"id":95,"bible_id":1269,"bible_code":"HMOWSV","book_id":19,"book_code":"PSA","name":"PSA.95","code":"PSA.95"},{"id":96,"bible_id":1269,"bible_code":"HMOWSV","book_id":19,"book_code":"PSA","name":"PSA.96","code":"PSA.96"},{"id":97,"bible_id":1269,"bible_code":"HMOWSV","book_id":19,"book_code":"PSA","name":"PSA.97","code":"PSA.97"},{"id":98,"bible_id":1269,"bible_code":"HMOWSV","book_id":19,"book_code":"PSA","name":"PSA.98","code":"PSA.98"},{"id":99,"bible_id":1269,"bible_code":"HMOWSV","book_id":19,"book_code":"PSA","name":"PSA.99","code":"PSA.99"},{"id":100,"bible_id":1269,"bible_code":"HMOWSV","book_id":19,"book_code":"PSA","name":"PSA.100","code":"PSA.100"},{"id":101,"bible_id":1269,"bible_code":"HMOWSV","book_id":19,"book_code":"PSA","name":"PSA.101","code":"PSA.101"},{"id":102,"bible_id":1269,"bible_code":"HMOWSV","book_id":19,"book_code":"PSA","name":"PSA.102","code":"PSA.102"},{"id":103,"bible_id":1269,"bible_code":"HMOWSV","book_id":19,"book_code":"PSA","name":"PSA.103","code":"PSA.103"},{"id":104,"bible_id":1269,"bible_code":"HMOWSV","book_id":19,"book_code":"PSA","name":"PSA.104","code":"PSA.104"},{"id":105,"bible_id":1269,"bible_code":"HMOWSV","book_id":19,"book_code":"PSA","name":"PSA.105","code":"PSA.105"},{"id":106,"bible_id":1269,"bible_code":"HMOWSV","book_id":19,"book_code":"PSA","name":"PSA.106","code":"PSA.106"},{"id":107,"bible_id":1269,"bible_code":"HMOWSV","book_id":19,"book_code":"PSA","name":"PSA.107","code":"PSA.107"},{"id":108,"bible_id":1269,"bible_code":"HMOWSV","book_id":19,"book_code":"PSA","name":"PSA.108","code":"PSA.108"},{"id":109,"bible_id":1269,"bible_code":"HMOWSV","book_id":19,"book_code":"PSA","name":"PSA.109","code":"PSA.109"},{"id":110,"bible_id":1269,"bible_code":"HMOWSV","book_id":19,"book_code":"PSA","name":"PSA.110","code":"PSA.110"},{"id":111,"bible_id":1269,"bible_code":"HMOWSV","book_id":19,"book_code":"PSA","name":"PSA.111","code":"PSA.111"},{"id":112,"bible_id":1269,"bible_code":"HMOWSV","book_id":19,"book_code":"PSA","name":"PSA.112","code":"PSA.112"},{"id":113,"bible_id":1269,"bible_code":"HMOWSV","book_id":19,"book_code":"PSA","name":"PSA.113","code":"PSA.113"},{"id":114,"bible_id":1269,"bible_code":"HMOWSV","book_id":19,"book_code":"PSA","name":"PSA.114","code":"PSA.114"},{"id":115,"bible_id":1269,"bible_code":"HMOWSV","book_id":19,"book_code":"PSA","name":"PSA.115","code":"PSA.115"},{"id":116,"bible_id":1269,"bible_code":"HMOWSV","book_id":19,"book_code":"PSA","name":"PSA.116","code":"PSA.116"},{"id":117,"bible_id":1269,"bible_code":"HMOWSV","book_id":19,"book_code":"PSA","name":"PSA.117","code":"PSA.117"},{"id":118,"bible_id":1269,"bible_code":"HMOWSV","book_id":19,"book_code":"PSA","name":"PSA.118","code":"PSA.118"},{"id":119,"bible_id":1269,"bible_code":"HMOWSV","book_id":19,"book_code":"PSA","name":"PSA.119","code":"PSA.119"},{"id":120,"bible_id":1269,"bible_code":"HMOWSV","book_id":19,"book_code":"PSA","name":"PSA.120","code":"PSA.120"},{"id":121,"bible_id":1269,"bible_code":"HMOWSV","book_id":19,"book_code":"PSA","name":"PSA.121","code":"PSA.121"},{"id":122,"bible_id":1269,"bible_code":"HMOWSV","book_id":19,"book_code":"PSA","name":"PSA.122","code":"PSA.122"},{"id":123,"bible_id":1269,"bible_code":"HMOWSV","book_id":19,"book_code":"PSA","name":"PSA.123","code":"PSA.123"},{"id":124,"bible_id":1269,"bible_code":"HMOWSV","book_id":19,"book_code":"PSA","name":"PSA.124","code":"PSA.124"},{"id":125,"bible_id":1269,"bible_code":"HMOWSV","book_id":19,"book_code":"PSA","name":"PSA.125","code":"PSA.125"},{"id":126,"bible_id":1269,"bible_code":"HMOWSV","book_id":19,"book_code":"PSA","name":"PSA.126","code":"PSA.126"},{"id":127,"bible_id":1269,"bible_code":"HMOWSV","book_id":19,"book_code":"PSA","name":"PSA.127","code":"PSA.127"},{"id":128,"bible_id":1269,"bible_code":"HMOWSV","book_id":19,"book_code":"PSA","name":"PSA.128","code":"PSA.128"},{"id":129,"bible_id":1269,"bible_code":"HMOWSV","book_id":19,"book_code":"PSA","name":"PSA.129","code":"PSA.129"},{"id":130,"bible_id":1269,"bible_code":"HMOWSV","book_id":19,"book_code":"PSA","name":"PSA.130","code":"PSA.130"},{"id":131,"bible_id":1269,"bible_code":"HMOWSV","book_id":19,"book_code":"PSA","name":"PSA.131","code":"PSA.131"},{"id":132,"bible_id":1269,"bible_code":"HMOWSV","book_id":19,"book_code":"PSA","name":"PSA.132","code":"PSA.132"},{"id":133,"bible_id":1269,"bible_code":"HMOWSV","book_id":19,"book_code":"PSA","name":"PSA.133","code":"PSA.133"},{"id":134,"bible_id":1269,"bible_code":"HMOWSV","book_id":19,"book_code":"PSA","name":"PSA.134","code":"PSA.134"},{"id":135,"bible_id":1269,"bible_code":"HMOWSV","book_id":19,"book_code":"PSA","name":"PSA.135","code":"PSA.135"},{"id":136,"bible_id":1269,"bible_code":"HMOWSV","book_id":19,"book_code":"PSA","name":"PSA.136","code":"PSA.136"},{"id":137,"bible_id":1269,"bible_code":"HMOWSV","book_id":19,"book_code":"PSA","name":"PSA.137","code":"PSA.137"},{"id":138,"bible_id":1269,"bible_code":"HMOWSV","book_id":19,"book_code":"PSA","name":"PSA.138","code":"PSA.138"},{"id":139,"bible_id":1269,"bible_code":"HMOWSV","book_id":19,"book_code":"PSA","name":"PSA.139","code":"PSA.139"},{"id":140,"bible_id":1269,"bible_code":"HMOWSV","book_id":19,"book_code":"PSA","name":"PSA.140","code":"PSA.140"},{"id":141,"bible_id":1269,"bible_code":"HMOWSV","book_id":19,"book_code":"PSA","name":"PSA.141","code":"PSA.141"},{"id":142,"bible_id":1269,"bible_code":"HMOWSV","book_id":19,"book_code":"PSA","name":"PSA.142","code":"PSA.142"},{"id":143,"bible_id":1269,"bible_code":"HMOWSV","book_id":19,"book_code":"PSA","name":"PSA.143","code":"PSA.143"},{"id":144,"bible_id":1269,"bible_code":"HMOWSV","book_id":19,"book_code":"PSA","name":"PSA.144","code":"PSA.144"},{"id":145,"bible_id":1269,"bible_code":"HMOWSV","book_id":19,"book_code":"PSA","name":"PSA.145","code":"PSA.145"},{"id":146,"bible_id":1269,"bible_code":"HMOWSV","book_id":19,"book_code":"PSA","name":"PSA.146","code":"PSA.146"},{"id":147,"bible_id":1269,"bible_code":"HMOWSV","book_id":19,"book_code":"PSA","name":"PSA.147","code":"PSA.147"},{"id":148,"bible_id":1269,"bible_code":"HMOWSV","book_id":19,"book_code":"PSA","name":"PSA.148","code":"PSA.148"},{"id":149,"bible_id":1269,"bible_code":"HMOWSV","book_id":19,"book_code":"PSA","name":"PSA.149","code":"PSA.149"},{"id":150,"bible_id":1269,"bible_code":"HMOWSV","book_id":19,"book_code":"PSA","name":"PSA.150","code":"PSA.150"}]