[{"id":1,"bible_id":1269,"bible_code":"HMOWSV","book_id":23,"book_code":"ISA","name":"ISA.1","code":"ISA.1"},{"id":2,"bible_id":1269,"bible_code":"HMOWSV","book_id":23,"book_code":"ISA","name":"ISA.2","code":"ISA.2"},{"id":3,"bible_id":1269,"bible_code":"HMOWSV","book_id":23,"book_code":"ISA","name":"ISA.3","code":"ISA.3"},{"id":4,"bible_id":1269,"bible_code":"HMOWSV","book_id":23,"book_code":"ISA","name":"ISA.4","code":"ISA.4"},{"id":5,"bible_id":1269,"bible_code":"HMOWSV","book_id":23,"book_code":"ISA","name":"ISA.5","code":"ISA.5"},{"id":6,"bible_id":1269,"bible_code":"HMOWSV","book_id":23,"book_code":"ISA","name":"ISA.6","code":"ISA.6"},{"id":7,"bible_id":1269,"bible_code":"HMOWSV","book_id":23,"book_code":"ISA","name":"ISA.7","code":"ISA.7"},{"id":8,"bible_id":1269,"bible_code":"HMOWSV","book_id":23,"book_code":"ISA","name":"ISA.8","code":"ISA.8"},{"id":9,"bible_id":1269,"bible_code":"HMOWSV","book_id":23,"book_code":"ISA","name":"ISA.9","code":"ISA.9"},{"id":10,"bible_id":1269,"bible_code":"HMOWSV","book_id":23,"book_code":"ISA","name":"ISA.10","code":"ISA.10"},{"id":11,"bible_id":1269,"bible_code":"HMOWSV","book_id":23,"book_code":"ISA","name":"ISA.11","code":"ISA.11"},{"id":12,"bible_id":1269,"bible_code":"HMOWSV","book_id":23,"book_code":"ISA","name":"ISA.12","code":"ISA.12"},{"id":13,"bible_id":1269,"bible_code":"HMOWSV","book_id":23,"book_code":"ISA","name":"ISA.13","code":"ISA.13"},{"id":14,"bible_id":1269,"bible_code":"HMOWSV","book_id":23,"book_code":"ISA","name":"ISA.14","code":"ISA.14"},{"id":15,"bible_id":1269,"bible_code":"HMOWSV","book_id":23,"book_code":"ISA","name":"ISA.15","code":"ISA.15"},{"id":16,"bible_id":1269,"bible_code":"HMOWSV","book_id":23,"book_code":"ISA","name":"ISA.16","code":"ISA.16"},{"id":17,"bible_id":1269,"bible_code":"HMOWSV","book_id":23,"book_code":"ISA","name":"ISA.17","code":"ISA.17"},{"id":18,"bible_id":1269,"bible_code":"HMOWSV","book_id":23,"book_code":"ISA","name":"ISA.18","code":"ISA.18"},{"id":19,"bible_id":1269,"bible_code":"HMOWSV","book_id":23,"book_code":"ISA","name":"ISA.19","code":"ISA.19"},{"id":20,"bible_id":1269,"bible_code":"HMOWSV","book_id":23,"book_code":"ISA","name":"ISA.20","code":"ISA.20"},{"id":21,"bible_id":1269,"bible_code":"HMOWSV","book_id":23,"book_code":"ISA","name":"ISA.21","code":"ISA.21"},{"id":22,"bible_id":1269,"bible_code":"HMOWSV","book_id":23,"book_code":"ISA","name":"ISA.22","code":"ISA.22"},{"id":23,"bible_id":1269,"bible_code":"HMOWSV","book_id":23,"book_code":"ISA","name":"ISA.23","code":"ISA.23"},{"id":24,"bible_id":1269,"bible_code":"HMOWSV","book_id":23,"book_code":"ISA","name":"ISA.24","code":"ISA.24"},{"id":25,"bible_id":1269,"bible_code":"HMOWSV","book_id":23,"book_code":"ISA","name":"ISA.25","code":"ISA.25"},{"id":26,"bible_id":1269,"bible_code":"HMOWSV","book_id":23,"book_code":"ISA","name":"ISA.26","code":"ISA.26"},{"id":27,"bible_id":1269,"bible_code":"HMOWSV","book_id":23,"book_code":"ISA","name":"ISA.27","code":"ISA.27"},{"id":28,"bible_id":1269,"bible_code":"HMOWSV","book_id":23,"book_code":"ISA","name":"ISA.28","code":"ISA.28"},{"id":29,"bible_id":1269,"bible_code":"HMOWSV","book_id":23,"book_code":"ISA","name":"ISA.29","code":"ISA.29"},{"id":30,"bible_id":1269,"bible_code":"HMOWSV","book_id":23,"book_code":"ISA","name":"ISA.30","code":"ISA.30"},{"id":31,"bible_id":1269,"bible_code":"HMOWSV","book_id":23,"book_code":"ISA","name":"ISA.31","code":"ISA.31"},{"id":32,"bible_id":1269,"bible_code":"HMOWSV","book_id":23,"book_code":"ISA","name":"ISA.32","code":"ISA.32"},{"id":33,"bible_id":1269,"bible_code":"HMOWSV","book_id":23,"book_code":"ISA","name":"ISA.33","code":"ISA.33"},{"id":34,"bible_id":1269,"bible_code":"HMOWSV","book_id":23,"book_code":"ISA","name":"ISA.34","code":"ISA.34"},{"id":35,"bible_id":1269,"bible_code":"HMOWSV","book_id":23,"book_code":"ISA","name":"ISA.35","code":"ISA.35"},{"id":36,"bible_id":1269,"bible_code":"HMOWSV","book_id":23,"book_code":"ISA","name":"ISA.36","code":"ISA.36"},{"id":37,"bible_id":1269,"bible_code":"HMOWSV","book_id":23,"book_code":"ISA","name":"ISA.37","code":"ISA.37"},{"id":38,"bible_id":1269,"bible_code":"HMOWSV","book_id":23,"book_code":"ISA","name":"ISA.38","code":"ISA.38"},{"id":39,"bible_id":1269,"bible_code":"HMOWSV","book_id":23,"book_code":"ISA","name":"ISA.39","code":"ISA.39"},{"id":40,"bible_id":1269,"bible_code":"HMOWSV","book_id":23,"book_code":"ISA","name":"ISA.40","code":"ISA.40"},{"id":41,"bible_id":1269,"bible_code":"HMOWSV","book_id":23,"book_code":"ISA","name":"ISA.41","code":"ISA.41"},{"id":42,"bible_id":1269,"bible_code":"HMOWSV","book_id":23,"book_code":"ISA","name":"ISA.42","code":"ISA.42"},{"id":43,"bible_id":1269,"bible_code":"HMOWSV","book_id":23,"book_code":"ISA","name":"ISA.43","code":"ISA.43"},{"id":44,"bible_id":1269,"bible_code":"HMOWSV","book_id":23,"book_code":"ISA","name":"ISA.44","code":"ISA.44"},{"id":45,"bible_id":1269,"bible_code":"HMOWSV","book_id":23,"book_code":"ISA","name":"ISA.45","code":"ISA.45"},{"id":46,"bible_id":1269,"bible_code":"HMOWSV","book_id":23,"book_code":"ISA","name":"ISA.46","code":"ISA.46"},{"id":47,"bible_id":1269,"bible_code":"HMOWSV","book_id":23,"book_code":"ISA","name":"ISA.47","code":"ISA.47"},{"id":48,"bible_id":1269,"bible_code":"HMOWSV","book_id":23,"book_code":"ISA","name":"ISA.48","code":"ISA.48"},{"id":49,"bible_id":1269,"bible_code":"HMOWSV","book_id":23,"book_code":"ISA","name":"ISA.49","code":"ISA.49"},{"id":50,"bible_id":1269,"bible_code":"HMOWSV","book_id":23,"book_code":"ISA","name":"ISA.50","code":"ISA.50"},{"id":51,"bible_id":1269,"bible_code":"HMOWSV","book_id":23,"book_code":"ISA","name":"ISA.51","code":"ISA.51"},{"id":52,"bible_id":1269,"bible_code":"HMOWSV","book_id":23,"book_code":"ISA","name":"ISA.52","code":"ISA.52"},{"id":53,"bible_id":1269,"bible_code":"HMOWSV","book_id":23,"book_code":"ISA","name":"ISA.53","code":"ISA.53"},{"id":54,"bible_id":1269,"bible_code":"HMOWSV","book_id":23,"book_code":"ISA","name":"ISA.54","code":"ISA.54"},{"id":55,"bible_id":1269,"bible_code":"HMOWSV","book_id":23,"book_code":"ISA","name":"ISA.55","code":"ISA.55"},{"id":56,"bible_id":1269,"bible_code":"HMOWSV","book_id":23,"book_code":"ISA","name":"ISA.56","code":"ISA.56"},{"id":57,"bible_id":1269,"bible_code":"HMOWSV","book_id":23,"book_code":"ISA","name":"ISA.57","code":"ISA.57"},{"id":58,"bible_id":1269,"bible_code":"HMOWSV","book_id":23,"book_code":"ISA","name":"ISA.58","code":"ISA.58"},{"id":59,"bible_id":1269,"bible_code":"HMOWSV","book_id":23,"book_code":"ISA","name":"ISA.59","code":"ISA.59"},{"id":60,"bible_id":1269,"bible_code":"HMOWSV","book_id":23,"book_code":"ISA","name":"ISA.60","code":"ISA.60"},{"id":61,"bible_id":1269,"bible_code":"HMOWSV","book_id":23,"book_code":"ISA","name":"ISA.61","code":"ISA.61"},{"id":62,"bible_id":1269,"bible_code":"HMOWSV","book_id":23,"book_code":"ISA","name":"ISA.62","code":"ISA.62"},{"id":63,"bible_id":1269,"bible_code":"HMOWSV","book_id":23,"book_code":"ISA","name":"ISA.63","code":"ISA.63"},{"id":64,"bible_id":1269,"bible_code":"HMOWSV","book_id":23,"book_code":"ISA","name":"ISA.64","code":"ISA.64"},{"id":65,"bible_id":1269,"bible_code":"HMOWSV","book_id":23,"book_code":"ISA","name":"ISA.65","code":"ISA.65"},{"id":66,"bible_id":1269,"bible_code":"HMOWSV","book_id":23,"book_code":"ISA","name":"ISA.66","code":"ISA.66"}]