[{"id":1,"bible_id":1269,"bible_code":"HMOWSV","book_id":47,"book_code":"2CO","name":"2CO.1","code":"2CO.1"},{"id":2,"bible_id":1269,"bible_code":"HMOWSV","book_id":47,"book_code":"2CO","name":"2CO.2","code":"2CO.2"},{"id":3,"bible_id":1269,"bible_code":"HMOWSV","book_id":47,"book_code":"2CO","name":"2CO.3","code":"2CO.3"},{"id":4,"bible_id":1269,"bible_code":"HMOWSV","book_id":47,"book_code":"2CO","name":"2CO.4","code":"2CO.4"},{"id":5,"bible_id":1269,"bible_code":"HMOWSV","book_id":47,"book_code":"2CO","name":"2CO.5","code":"2CO.5"},{"id":6,"bible_id":1269,"bible_code":"HMOWSV","book_id":47,"book_code":"2CO","name":"2CO.6","code":"2CO.6"},{"id":7,"bible_id":1269,"bible_code":"HMOWSV","book_id":47,"book_code":"2CO","name":"2CO.7","code":"2CO.7"},{"id":8,"bible_id":1269,"bible_code":"HMOWSV","book_id":47,"book_code":"2CO","name":"2CO.8","code":"2CO.8"},{"id":9,"bible_id":1269,"bible_code":"HMOWSV","book_id":47,"book_code":"2CO","name":"2CO.9","code":"2CO.9"},{"id":10,"bible_id":1269,"bible_code":"HMOWSV","book_id":47,"book_code":"2CO","name":"2CO.10","code":"2CO.10"},{"id":11,"bible_id":1269,"bible_code":"HMOWSV","book_id":47,"book_code":"2CO","name":"2CO.11","code":"2CO.11"},{"id":12,"bible_id":1269,"bible_code":"HMOWSV","book_id":47,"book_code":"2CO","name":"2CO.12","code":"2CO.12"},{"id":13,"bible_id":1269,"bible_code":"HMOWSV","book_id":47,"book_code":"2CO","name":"2CO.13","code":"2CO.13"}]